/*
Navicat MySQL Data Transfer

Source Server         : localhost_3306
Source Server Version : 50712
Source Host           : localhost:3306
Source Database       : train

Target Server Type    : MYSQL
Target Server Version : 50712
File Encoding         : 65001

Date: 2017-06-29 02:32:24
*/

SET FOREIGN_KEY_CHECKS=0;

-- ----------------------------
-- Table structure for `admin`
-- ----------------------------
DROP TABLE IF EXISTS `admin`;
CREATE TABLE `admin` (
  `aid` int(11) NOT NULL AUTO_INCREMENT,
  `anumber` varchar(255) NOT NULL,
  `apwd` varchar(255) NOT NULL,
  PRIMARY KEY (`aid`)
) ENGINE=InnoDB AUTO_INCREMENT=4 DEFAULT CHARSET=utf8;

-- ----------------------------
-- Records of admin
-- ----------------------------
INSERT INTO `admin` VALUES ('1', 'liuzhihao', '12345678');
INSERT INTO `admin` VALUES ('2', 'chenqian', '123456');
INSERT INTO `admin` VALUES ('3', 'dingchonghui', '123456');

-- ----------------------------
-- Table structure for `auth`
-- ----------------------------
DROP TABLE IF EXISTS `auth`;
CREATE TABLE `auth` (
  `id` int(11) NOT NULL AUTO_INCREMENT,
  `IDcard` varchar(255) NOT NULL,
  `IDstu` varchar(255) NOT NULL,
  PRIMARY KEY (`id`)
) ENGINE=InnoDB AUTO_INCREMENT=11 DEFAULT CHARSET=utf8;

-- ----------------------------
-- Records of auth
-- ----------------------------
INSERT INTO `auth` VALUES ('1', '420624199505062913', '20141107018');
INSERT INTO `auth` VALUES ('2', '420624199505062914', '20141107019');
INSERT INTO `auth` VALUES ('3', '420624199505062915', '20141107020');
INSERT INTO `auth` VALUES ('4', '420624199505062916', '20141107021');
INSERT INTO `auth` VALUES ('5', '420624199505062917', '20141107022');
INSERT INTO `auth` VALUES ('6', '420624199505062918', '20141107023');
INSERT INTO `auth` VALUES ('7', '420624199505062919', '20141107024');
INSERT INTO `auth` VALUES ('8', '420624199505062920', '20141107025');
INSERT INTO `auth` VALUES ('9', '420624199505062921', '20141107026');
INSERT INTO `auth` VALUES ('10', '420624199505062922', '20141107027');

-- ----------------------------
-- Table structure for `cplace`
-- ----------------------------
DROP TABLE IF EXISTS `cplace`;
CREATE TABLE `cplace` (
  `cpid` int(11) NOT NULL AUTO_INCREMENT,
  `tid` int(11) NOT NULL,
  `cpname` varchar(12) NOT NULL,
  `cprice` float(6,1) NOT NULL,
  `atime` datetime NOT NULL,
  `stime` datetime NOT NULL,
  PRIMARY KEY (`cpid`)
) ENGINE=InnoDB AUTO_INCREMENT=74 DEFAULT CHARSET=utf8;

-- ----------------------------
-- Records of cplace
-- ----------------------------
INSERT INTO `cplace` VALUES ('1', '1', '上海南', '0.0', '2017-06-29 14:59:00', '2017-06-29 14:59:00');
INSERT INTO `cplace` VALUES ('2', '1', '松江', '30.0', '2017-06-29 15:17:00', '2017-06-29 15:20:00');
INSERT INTO `cplace` VALUES ('3', '1', '嘉兴', '50.0', '2017-06-29 15:54:00', '2017-06-29 15:57:00');
INSERT INTO `cplace` VALUES ('4', '1', '海宁', '65.0', '2017-06-29 16:20:00', '2017-06-29 16:23:00');
INSERT INTO `cplace` VALUES ('5', '1', '杭州东', '95.0', '2017-06-29 17:11:00', '2017-06-29 17:17:00');
INSERT INTO `cplace` VALUES ('6', '1', '义乌', '115.0', '2017-06-29 18:36:00', '2017-06-29 18:39:00');
INSERT INTO `cplace` VALUES ('7', '1', '衡州', '130.0', '2017-06-29 20:34:00', '2017-06-29 20:37:00');
INSERT INTO `cplace` VALUES ('8', '1', '南昌', '140.0', '2017-06-30 01:40:00', '2017-06-30 01:48:00');
INSERT INTO `cplace` VALUES ('9', '1', '黄石', '165.0', '2017-06-30 05:02:00', '2017-06-30 05:06:00');
INSERT INTO `cplace` VALUES ('10', '1', '武昌', '195.0', '2017-06-30 06:41:00', '2017-06-30 06:55:00');
INSERT INTO `cplace` VALUES ('11', '1', '安陆', '210.0', '2017-06-30 09:05:00', '2017-06-30 09:08:00');
INSERT INTO `cplace` VALUES ('12', '1', '襄阳', '220.0', '2017-06-30 12:44:00', '2017-06-30 12:45:00');
INSERT INTO `cplace` VALUES ('13', '2', '上海南', '0.0', '2017-06-29 14:59:00', '2017-06-29 14:59:00');
INSERT INTO `cplace` VALUES ('14', '2', '松江', '30.0', '2017-06-29 15:17:00', '2017-06-29 15:20:00');
INSERT INTO `cplace` VALUES ('15', '2', '嘉兴', '50.0', '2017-06-29 15:54:00', '2017-06-29 15:57:00');
INSERT INTO `cplace` VALUES ('16', '2', '海宁', '65.0', '2017-06-29 16:20:00', '2017-06-29 16:23:00');
INSERT INTO `cplace` VALUES ('17', '2', '杭州东', '95.0', '2017-06-29 17:11:00', '2017-06-29 17:17:00');
INSERT INTO `cplace` VALUES ('18', '2', '义乌', '115.0', '2017-06-29 18:36:00', '2017-06-29 18:39:00');
INSERT INTO `cplace` VALUES ('19', '2', '衡州', '130.0', '2017-06-29 20:34:00', '2017-06-29 20:37:00');
INSERT INTO `cplace` VALUES ('20', '2', '南昌', '140.0', '2017-06-30 01:40:00', '2017-06-30 01:48:00');
INSERT INTO `cplace` VALUES ('21', '2', '黄石', '165.0', '2017-06-30 05:02:00', '2017-06-30 05:06:00');
INSERT INTO `cplace` VALUES ('22', '2', '武昌', '195.0', '2017-06-30 06:41:00', '2017-06-30 06:55:00');
INSERT INTO `cplace` VALUES ('23', '2', '安陆', '210.0', '2017-06-30 09:05:00', '2017-06-30 09:08:00');
INSERT INTO `cplace` VALUES ('24', '2', '襄阳', '220.0', '2017-06-30 12:44:00', '2017-06-30 12:44:00');
INSERT INTO `cplace` VALUES ('25', '3', '深圳东', '0.0', '2017-06-29 14:35:00', '2017-06-29 14:35:00');
INSERT INTO `cplace` VALUES ('26', '3', '龙川', '35.0', '2017-06-29 18:17:00', '2017-06-29 18:26:00');
INSERT INTO `cplace` VALUES ('27', '3', '吉安', '50.0', '2017-06-29 23:40:00', '2017-06-29 23:44:00');
INSERT INTO `cplace` VALUES ('28', '3', '南昌', '80.0', '2017-06-30 02:03:00', '2017-06-30 02:22:00');
INSERT INTO `cplace` VALUES ('29', '3', '黄石', '100.0', '2017-06-30 05:26:00', '2017-06-30 05:31:00');
INSERT INTO `cplace` VALUES ('30', '3', '武昌', '140.0', '2017-06-30 07:11:00', '2017-06-30 07:23:00');
INSERT INTO `cplace` VALUES ('31', '3', '安陆', '165.0', '2017-06-30 09:18:00', '2017-06-30 09:29:00');
INSERT INTO `cplace` VALUES ('32', '3', '枣阳', '180.0', '2017-06-30 11:57:00', '2017-06-30 12:07:00');
INSERT INTO `cplace` VALUES ('33', '3', '襄阳', '200.0', '2017-06-30 12:50:00', '2017-06-30 12:50:00');
INSERT INTO `cplace` VALUES ('34', '4', '深圳东', '0.0', '2017-06-29 14:35:00', '2017-06-29 14:35:00');
INSERT INTO `cplace` VALUES ('35', '4', '龙川', '35.0', '2017-06-29 18:17:00', '2017-06-29 18:26:00');
INSERT INTO `cplace` VALUES ('36', '4', '吉安', '50.0', '2017-06-29 23:40:00', '2017-06-29 23:44:00');
INSERT INTO `cplace` VALUES ('37', '4', '南昌', '80.0', '2017-06-30 02:03:00', '2017-06-30 02:22:00');
INSERT INTO `cplace` VALUES ('38', '4', '黄石', '100.0', '2017-06-30 05:26:00', '2017-06-30 05:31:00');
INSERT INTO `cplace` VALUES ('39', '4', '武昌', '140.0', '2017-06-30 07:11:00', '2017-06-30 07:23:00');
INSERT INTO `cplace` VALUES ('40', '4', '安陆', '165.0', '2017-06-30 09:18:00', '2017-06-30 09:29:00');
INSERT INTO `cplace` VALUES ('41', '4', '枣阳', '180.0', '2017-06-30 11:57:00', '2017-06-30 12:07:00');
INSERT INTO `cplace` VALUES ('42', '4', '襄阳', '200.0', '2017-06-30 12:50:00', '2017-06-30 12:50:00');
INSERT INTO `cplace` VALUES ('43', '5', '武昌', '0.0', '2017-06-29 23:59:00', '2017-06-29 23:59:00');
INSERT INTO `cplace` VALUES ('44', '5', '云梦', '30.0', '2017-06-30 01:06:00', '2017-06-30 01:08:00');
INSERT INTO `cplace` VALUES ('45', '5', '安陆', '50.0', '2017-06-30 01:25:00', '2017-06-30 01:29:00');
INSERT INTO `cplace` VALUES ('46', '5', '襄阳', '105.0', '2017-06-30 04:00:00', '2017-06-30 04:18:00');
INSERT INTO `cplace` VALUES ('47', '5', '谷城', '125.0', '2017-06-30 05:13:00', '2017-06-30 05:41:00');
INSERT INTO `cplace` VALUES ('48', '5', '武当山', '145.0', '2017-06-30 06:31:00', '2017-06-30 06:53:00');
INSERT INTO `cplace` VALUES ('49', '5', '十堰', '170.0', '2017-06-30 07:12:00', '2017-06-30 07:12:00');
INSERT INTO `cplace` VALUES ('50', '6', '重庆北', '0.0', '2017-06-29 08:50:00', '2017-06-29 08:50:00');
INSERT INTO `cplace` VALUES ('51', '6', '利川', '46.0', '2017-06-29 10:43:00', '2017-06-29 10:45:00');
INSERT INTO `cplace` VALUES ('52', '6', '恩施', '96.0', '2017-06-29 11:17:00', '2017-06-29 11:20:00');
INSERT INTO `cplace` VALUES ('53', '6', '荆州', '110.0', '2017-06-29 13:44:00', '2017-06-29 13:46:00');
INSERT INTO `cplace` VALUES ('54', '6', '汉口', '130.0', '2017-06-29 15:14:00', '2017-06-29 15:25:00');
INSERT INTO `cplace` VALUES ('55', '6', '南京南', '150.0', '2017-06-29 19:23:00', '2017-06-29 19:29:00');
INSERT INTO `cplace` VALUES ('56', '6', '湖州', '180.0', '2017-06-29 20:16:00', '2017-06-29 20:18:00');
INSERT INTO `cplace` VALUES ('57', '6', '杭州东', '200.0', '2017-06-29 20:45:00', '2017-06-29 20:45:00');
INSERT INTO `cplace` VALUES ('58', '7', '重庆北', '0.0', '2017-06-29 08:50:00', '2017-06-29 08:50:00');
INSERT INTO `cplace` VALUES ('59', '7', '利川', '46.0', '2017-06-29 10:43:00', '2017-06-29 10:45:00');
INSERT INTO `cplace` VALUES ('60', '7', '恩施', '96.0', '2017-06-29 11:17:00', '2017-06-29 11:20:00');
INSERT INTO `cplace` VALUES ('61', '7', '荆州', '110.0', '2017-06-29 13:44:00', '2017-06-29 13:46:00');
INSERT INTO `cplace` VALUES ('62', '7', '汉口', '130.0', '2017-06-29 15:14:00', '2017-06-29 15:25:00');
INSERT INTO `cplace` VALUES ('63', '7', '南京南', '150.0', '2017-06-29 19:23:00', '2017-06-29 19:29:00');
INSERT INTO `cplace` VALUES ('64', '7', '湖州', '180.0', '2017-06-29 20:16:00', '2017-06-29 20:18:00');
INSERT INTO `cplace` VALUES ('65', '7', '杭州东', '200.0', '2017-06-29 20:45:00', '2017-06-29 20:45:00');
INSERT INTO `cplace` VALUES ('68', '12', '武昌', '0.0', '2017-06-29 07:30:00', '2017-06-29 07:30:00');
INSERT INTO `cplace` VALUES ('69', '12', '安陆', '30.0', '2017-06-29 10:30:00', '2017-06-29 10:35:00');
INSERT INTO `cplace` VALUES ('70', '12', '无锡', '100.5', '2017-06-29 15:30:00', '2017-06-29 15:35:00');
INSERT INTO `cplace` VALUES ('71', '12', '襄阳', '197.5', '2017-06-29 18:30:00', '2017-06-29 18:30:00');

-- ----------------------------
-- Table structure for `order`
-- ----------------------------
DROP TABLE IF EXISTS `order`;
CREATE TABLE `order` (
  `oid` int(11) NOT NULL AUTO_INCREMENT,
  `uid` int(11) NOT NULL,
  `ostart` varchar(8) NOT NULL,
  `oend` varchar(8) NOT NULL,
  `tnumber` varchar(8) NOT NULL,
  `snumber` varchar(20) NOT NULL,
  `oprice` float(6,1) NOT NULL,
  `ostime` datetime DEFAULT NULL,
  `oetime` datetime DEFAULT NULL,
  `otime` date DEFAULT NULL,
  PRIMARY KEY (`oid`),
  KEY `oid_uid` (`uid`),
  CONSTRAINT `oid_uid` FOREIGN KEY (`uid`) REFERENCES `user` (`uid`) ON DELETE CASCADE
) ENGINE=InnoDB AUTO_INCREMENT=12 DEFAULT CHARSET=utf8;

-- ----------------------------
-- Records of order
-- ----------------------------
INSERT INTO `order` VALUES ('1', '1', '武昌', '襄阳', 'K1126', '01车01号', '25.0', '2017-06-30 06:55:00', '2017-06-30 12:44:00', '2017-06-28');
INSERT INTO `order` VALUES ('2', '1', '武昌', '襄阳', 'K1126', '01车02号', '25.0', '2017-06-30 06:55:00', '2017-06-30 12:44:00', '2017-06-28');
INSERT INTO `order` VALUES ('6', '1', '武昌', '襄阳', 'K1656', '01车01号', '60.0', '2017-06-30 07:23:00', '2017-06-30 12:50:00', '2017-06-29');
INSERT INTO `order` VALUES ('7', '1', '武昌', '安陆', 'K8980', '01车01号', '30.0', '2017-06-29 07:30:00', '2017-06-29 10:30:00', '2017-06-29');
INSERT INTO `order` VALUES ('8', '1', '武昌', '安陆', 'K8980', '01车02号', '30.0', '2017-06-29 07:30:00', '2017-06-29 10:30:00', '2017-06-29');
INSERT INTO `order` VALUES ('9', '1', '武昌', '安陆', 'K8980', '01车03号', '30.0', '2017-06-29 07:30:00', '2017-06-29 10:30:00', '2017-06-29');
INSERT INTO `order` VALUES ('10', '1', '武昌', '安陆', 'K8980', '01车04号', '30.0', '2017-06-29 07:30:00', '2017-06-29 10:30:00', '2017-06-29');
INSERT INTO `order` VALUES ('11', '1', '武昌', '安陆', 'K8980', '01车05号', '30.0', '2017-06-29 07:30:00', '2017-06-29 10:30:00', '2017-06-29');

-- ----------------------------
-- Table structure for `place`
-- ----------------------------
DROP TABLE IF EXISTS `place`;
CREATE TABLE `place` (
  `pid` int(11) NOT NULL AUTO_INCREMENT,
  `sid` varchar(20) NOT NULL,
  `isseat` int(11) NOT NULL DEFAULT '0',
  `cpid` int(11) NOT NULL,
  `tid` int(11) NOT NULL,
  PRIMARY KEY (`pid`),
  KEY `pid_sid` (`sid`)
) ENGINE=InnoDB AUTO_INCREMENT=4221 DEFAULT CHARSET=utf8;

-- ----------------------------
-- Records of place
-- ----------------------------
INSERT INTO `place` VALUES ('1', '010101', '0', '2', '1');
INSERT INTO `place` VALUES ('2', '010101', '0', '1', '1');
INSERT INTO `place` VALUES ('3', '010101', '1', '11', '1');
INSERT INTO `place` VALUES ('4', '010101', '0', '12', '1');
INSERT INTO `place` VALUES ('5', '010102', '0', '9', '1');
INSERT INTO `place` VALUES ('6', '010102', '1', '10', '1');
INSERT INTO `place` VALUES ('7', '010101', '0', '6', '1');
INSERT INTO `place` VALUES ('8', '010101', '0', '3', '1');
INSERT INTO `place` VALUES ('9', '010101', '0', '5', '1');
INSERT INTO `place` VALUES ('10', '010101', '0', '9', '1');
INSERT INTO `place` VALUES ('11', '010101', '0', '7', '1');
INSERT INTO `place` VALUES ('12', '010101', '0', '8', '1');
INSERT INTO `place` VALUES ('13', '010101', '0', '4', '1');
INSERT INTO `place` VALUES ('14', '010101', '1', '10', '1');
INSERT INTO `place` VALUES ('15', '010102', '1', '11', '1');
INSERT INTO `place` VALUES ('16', '010102', '0', '5', '1');
INSERT INTO `place` VALUES ('17', '010102', '0', '6', '1');
INSERT INTO `place` VALUES ('18', '010102', '0', '2', '1');
INSERT INTO `place` VALUES ('19', '010102', '0', '1', '1');
INSERT INTO `place` VALUES ('20', '010102', '0', '3', '1');
INSERT INTO `place` VALUES ('21', '010102', '0', '7', '1');
INSERT INTO `place` VALUES ('22', '010102', '0', '8', '1');
INSERT INTO `place` VALUES ('23', '010102', '0', '12', '1');
INSERT INTO `place` VALUES ('24', '010102', '0', '4', '1');
INSERT INTO `place` VALUES ('25', '010103', '0', '1', '1');
INSERT INTO `place` VALUES ('26', '010103', '0', '9', '1');
INSERT INTO `place` VALUES ('27', '010103', '0', '4', '1');
INSERT INTO `place` VALUES ('28', '010103', '0', '3', '1');
INSERT INTO `place` VALUES ('29', '010103', '0', '7', '1');
INSERT INTO `place` VALUES ('30', '010103', '0', '2', '1');
INSERT INTO `place` VALUES ('31', '010103', '0', '6', '1');
INSERT INTO `place` VALUES ('32', '010103', '0', '5', '1');
INSERT INTO `place` VALUES ('33', '010103', '0', '10', '1');
INSERT INTO `place` VALUES ('34', '010103', '0', '8', '1');
INSERT INTO `place` VALUES ('35', '010103', '0', '11', '1');
INSERT INTO `place` VALUES ('36', '010104', '0', '8', '1');
INSERT INTO `place` VALUES ('37', '010104', '0', '2', '1');
INSERT INTO `place` VALUES ('38', '010103', '0', '12', '1');
INSERT INTO `place` VALUES ('39', '010104', '0', '3', '1');
INSERT INTO `place` VALUES ('40', '010104', '0', '1', '1');
INSERT INTO `place` VALUES ('41', '010104', '0', '4', '1');
INSERT INTO `place` VALUES ('42', '010104', '0', '5', '1');
INSERT INTO `place` VALUES ('43', '010104', '0', '7', '1');
INSERT INTO `place` VALUES ('44', '010104', '0', '6', '1');
INSERT INTO `place` VALUES ('45', '010104', '0', '9', '1');
INSERT INTO `place` VALUES ('46', '010104', '0', '10', '1');
INSERT INTO `place` VALUES ('47', '010105', '0', '4', '1');
INSERT INTO `place` VALUES ('48', '010105', '0', '3', '1');
INSERT INTO `place` VALUES ('49', '010104', '0', '12', '1');
INSERT INTO `place` VALUES ('50', '010105', '0', '2', '1');
INSERT INTO `place` VALUES ('51', '010105', '0', '5', '1');
INSERT INTO `place` VALUES ('52', '010104', '0', '11', '1');
INSERT INTO `place` VALUES ('53', '010105', '0', '1', '1');
INSERT INTO `place` VALUES ('54', '010105', '0', '6', '1');
INSERT INTO `place` VALUES ('55', '010105', '0', '7', '1');
INSERT INTO `place` VALUES ('56', '010105', '0', '8', '1');
INSERT INTO `place` VALUES ('57', '010105', '0', '11', '1');
INSERT INTO `place` VALUES ('58', '010105', '0', '10', '1');
INSERT INTO `place` VALUES ('59', '010106', '0', '3', '1');
INSERT INTO `place` VALUES ('60', '010105', '0', '12', '1');
INSERT INTO `place` VALUES ('61', '010106', '0', '1', '1');
INSERT INTO `place` VALUES ('62', '010105', '0', '9', '1');
INSERT INTO `place` VALUES ('63', '010106', '0', '4', '1');
INSERT INTO `place` VALUES ('64', '010106', '0', '2', '1');
INSERT INTO `place` VALUES ('65', '010106', '0', '5', '1');
INSERT INTO `place` VALUES ('66', '010106', '0', '8', '1');
INSERT INTO `place` VALUES ('67', '010107', '0', '2', '1');
INSERT INTO `place` VALUES ('68', '010106', '0', '9', '1');
INSERT INTO `place` VALUES ('69', '010106', '0', '11', '1');
INSERT INTO `place` VALUES ('70', '010106', '0', '10', '1');
INSERT INTO `place` VALUES ('71', '010107', '0', '1', '1');
INSERT INTO `place` VALUES ('72', '010106', '0', '12', '1');
INSERT INTO `place` VALUES ('73', '010106', '0', '7', '1');
INSERT INTO `place` VALUES ('74', '010106', '0', '6', '1');
INSERT INTO `place` VALUES ('75', '010107', '0', '3', '1');
INSERT INTO `place` VALUES ('76', '010107', '0', '6', '1');
INSERT INTO `place` VALUES ('77', '010107', '0', '10', '1');
INSERT INTO `place` VALUES ('78', '010107', '0', '4', '1');
INSERT INTO `place` VALUES ('79', '010107', '0', '12', '1');
INSERT INTO `place` VALUES ('80', '010107', '0', '7', '1');
INSERT INTO `place` VALUES ('81', '010107', '0', '9', '1');
INSERT INTO `place` VALUES ('82', '010107', '0', '8', '1');
INSERT INTO `place` VALUES ('83', '010107', '0', '5', '1');
INSERT INTO `place` VALUES ('84', '010107', '0', '11', '1');
INSERT INTO `place` VALUES ('85', '010108', '0', '1', '1');
INSERT INTO `place` VALUES ('86', '010108', '0', '10', '1');
INSERT INTO `place` VALUES ('87', '010108', '0', '7', '1');
INSERT INTO `place` VALUES ('88', '010108', '0', '8', '1');
INSERT INTO `place` VALUES ('89', '010108', '0', '6', '1');
INSERT INTO `place` VALUES ('90', '010108', '0', '5', '1');
INSERT INTO `place` VALUES ('91', '010108', '0', '2', '1');
INSERT INTO `place` VALUES ('92', '010108', '0', '4', '1');
INSERT INTO `place` VALUES ('93', '010108', '0', '3', '1');
INSERT INTO `place` VALUES ('94', '010108', '0', '9', '1');
INSERT INTO `place` VALUES ('95', '010108', '0', '11', '1');
INSERT INTO `place` VALUES ('96', '010109', '0', '4', '1');
INSERT INTO `place` VALUES ('97', '010109', '0', '6', '1');
INSERT INTO `place` VALUES ('98', '010109', '0', '8', '1');
INSERT INTO `place` VALUES ('99', '010109', '0', '7', '1');
INSERT INTO `place` VALUES ('100', '010109', '0', '5', '1');
INSERT INTO `place` VALUES ('101', '010109', '0', '3', '1');
INSERT INTO `place` VALUES ('102', '010109', '0', '2', '1');
INSERT INTO `place` VALUES ('103', '010108', '0', '12', '1');
INSERT INTO `place` VALUES ('104', '010109', '0', '1', '1');
INSERT INTO `place` VALUES ('105', '010109', '0', '9', '1');
INSERT INTO `place` VALUES ('106', '010109', '0', '11', '1');
INSERT INTO `place` VALUES ('107', '010110', '0', '2', '1');
INSERT INTO `place` VALUES ('108', '010110', '0', '1', '1');
INSERT INTO `place` VALUES ('109', '010110', '0', '3', '1');
INSERT INTO `place` VALUES ('110', '010110', '0', '4', '1');
INSERT INTO `place` VALUES ('111', '010110', '0', '5', '1');
INSERT INTO `place` VALUES ('112', '010110', '0', '6', '1');
INSERT INTO `place` VALUES ('113', '010109', '0', '12', '1');
INSERT INTO `place` VALUES ('114', '010109', '0', '10', '1');
INSERT INTO `place` VALUES ('115', '010110', '0', '7', '1');
INSERT INTO `place` VALUES ('116', '010110', '0', '8', '1');
INSERT INTO `place` VALUES ('117', '010111', '0', '3', '1');
INSERT INTO `place` VALUES ('118', '010111', '0', '4', '1');
INSERT INTO `place` VALUES ('119', '010111', '0', '1', '1');
INSERT INTO `place` VALUES ('120', '010110', '0', '10', '1');
INSERT INTO `place` VALUES ('121', '010110', '0', '12', '1');
INSERT INTO `place` VALUES ('122', '010110', '0', '9', '1');
INSERT INTO `place` VALUES ('123', '010111', '0', '2', '1');
INSERT INTO `place` VALUES ('124', '010110', '0', '11', '1');
INSERT INTO `place` VALUES ('125', '010111', '0', '5', '1');
INSERT INTO `place` VALUES ('126', '010111', '0', '8', '1');
INSERT INTO `place` VALUES ('127', '010112', '0', '1', '1');
INSERT INTO `place` VALUES ('128', '010112', '0', '2', '1');
INSERT INTO `place` VALUES ('129', '010111', '0', '10', '1');
INSERT INTO `place` VALUES ('130', '010111', '0', '9', '1');
INSERT INTO `place` VALUES ('131', '010111', '0', '11', '1');
INSERT INTO `place` VALUES ('132', '010111', '0', '6', '1');
INSERT INTO `place` VALUES ('133', '010111', '0', '12', '1');
INSERT INTO `place` VALUES ('134', '010111', '0', '7', '1');
INSERT INTO `place` VALUES ('135', '010112', '0', '3', '1');
INSERT INTO `place` VALUES ('136', '010112', '0', '12', '1');
INSERT INTO `place` VALUES ('137', '010112', '0', '11', '1');
INSERT INTO `place` VALUES ('138', '010112', '0', '4', '1');
INSERT INTO `place` VALUES ('139', '010112', '0', '5', '1');
INSERT INTO `place` VALUES ('140', '010112', '0', '6', '1');
INSERT INTO `place` VALUES ('141', '010112', '0', '7', '1');
INSERT INTO `place` VALUES ('142', '010112', '0', '9', '1');
INSERT INTO `place` VALUES ('143', '010112', '0', '8', '1');
INSERT INTO `place` VALUES ('144', '010112', '0', '10', '1');
INSERT INTO `place` VALUES ('145', '010113', '0', '1', '1');
INSERT INTO `place` VALUES ('146', '010113', '0', '10', '1');
INSERT INTO `place` VALUES ('147', '010113', '0', '8', '1');
INSERT INTO `place` VALUES ('148', '010113', '0', '2', '1');
INSERT INTO `place` VALUES ('149', '010113', '0', '6', '1');
INSERT INTO `place` VALUES ('150', '010113', '0', '3', '1');
INSERT INTO `place` VALUES ('151', '010113', '0', '5', '1');
INSERT INTO `place` VALUES ('152', '010113', '0', '4', '1');
INSERT INTO `place` VALUES ('153', '010113', '0', '7', '1');
INSERT INTO `place` VALUES ('154', '010113', '0', '9', '1');
INSERT INTO `place` VALUES ('155', '010113', '0', '11', '1');
INSERT INTO `place` VALUES ('156', '010114', '0', '6', '1');
INSERT INTO `place` VALUES ('157', '010114', '0', '1', '1');
INSERT INTO `place` VALUES ('158', '010113', '0', '12', '1');
INSERT INTO `place` VALUES ('159', '010114', '0', '3', '1');
INSERT INTO `place` VALUES ('160', '010114', '0', '2', '1');
INSERT INTO `place` VALUES ('161', '010114', '0', '5', '1');
INSERT INTO `place` VALUES ('162', '010114', '0', '4', '1');
INSERT INTO `place` VALUES ('163', '010114', '0', '7', '1');
INSERT INTO `place` VALUES ('164', '010114', '0', '8', '1');
INSERT INTO `place` VALUES ('165', '010114', '0', '9', '1');
INSERT INTO `place` VALUES ('166', '010114', '0', '10', '1');
INSERT INTO `place` VALUES ('167', '010115', '0', '6', '1');
INSERT INTO `place` VALUES ('168', '010115', '0', '4', '1');
INSERT INTO `place` VALUES ('169', '010115', '0', '5', '1');
INSERT INTO `place` VALUES ('170', '010115', '0', '3', '1');
INSERT INTO `place` VALUES ('171', '010114', '0', '12', '1');
INSERT INTO `place` VALUES ('172', '010114', '0', '11', '1');
INSERT INTO `place` VALUES ('173', '010115', '0', '2', '1');
INSERT INTO `place` VALUES ('174', '010115', '0', '1', '1');
INSERT INTO `place` VALUES ('175', '010115', '0', '7', '1');
INSERT INTO `place` VALUES ('176', '010115', '0', '8', '1');
INSERT INTO `place` VALUES ('177', '010115', '0', '12', '1');
INSERT INTO `place` VALUES ('178', '010115', '0', '10', '1');
INSERT INTO `place` VALUES ('179', '010116', '0', '1', '1');
INSERT INTO `place` VALUES ('180', '010116', '0', '3', '1');
INSERT INTO `place` VALUES ('181', '010115', '0', '11', '1');
INSERT INTO `place` VALUES ('182', '010116', '0', '4', '1');
INSERT INTO `place` VALUES ('183', '010115', '0', '9', '1');
INSERT INTO `place` VALUES ('184', '010116', '0', '2', '1');
INSERT INTO `place` VALUES ('185', '010116', '0', '5', '1');
INSERT INTO `place` VALUES ('186', '010116', '0', '6', '1');
INSERT INTO `place` VALUES ('187', '010116', '0', '9', '1');
INSERT INTO `place` VALUES ('188', '010116', '0', '10', '1');
INSERT INTO `place` VALUES ('189', '010116', '0', '7', '1');
INSERT INTO `place` VALUES ('190', '010116', '0', '8', '1');
INSERT INTO `place` VALUES ('191', '010116', '0', '12', '1');
INSERT INTO `place` VALUES ('192', '010117', '0', '2', '1');
INSERT INTO `place` VALUES ('193', '010117', '0', '1', '1');
INSERT INTO `place` VALUES ('194', '010116', '0', '11', '1');
INSERT INTO `place` VALUES ('195', '010117', '0', '3', '1');
INSERT INTO `place` VALUES ('196', '010117', '0', '4', '1');
INSERT INTO `place` VALUES ('197', '010117', '0', '6', '1');
INSERT INTO `place` VALUES ('198', '010117', '0', '11', '1');
INSERT INTO `place` VALUES ('199', '010117', '0', '8', '1');
INSERT INTO `place` VALUES ('200', '010117', '0', '7', '1');
INSERT INTO `place` VALUES ('201', '010117', '0', '9', '1');
INSERT INTO `place` VALUES ('202', '010117', '0', '5', '1');
INSERT INTO `place` VALUES ('203', '010117', '0', '10', '1');
INSERT INTO `place` VALUES ('204', '010117', '0', '12', '1');
INSERT INTO `place` VALUES ('205', '010118', '0', '1', '1');
INSERT INTO `place` VALUES ('206', '010118', '0', '7', '1');
INSERT INTO `place` VALUES ('207', '010118', '0', '9', '1');
INSERT INTO `place` VALUES ('208', '010118', '0', '10', '1');
INSERT INTO `place` VALUES ('209', '010118', '0', '3', '1');
INSERT INTO `place` VALUES ('210', '010118', '0', '5', '1');
INSERT INTO `place` VALUES ('211', '010118', '0', '4', '1');
INSERT INTO `place` VALUES ('212', '010118', '0', '6', '1');
INSERT INTO `place` VALUES ('213', '010118', '0', '8', '1');
INSERT INTO `place` VALUES ('214', '010118', '0', '2', '1');
INSERT INTO `place` VALUES ('215', '010118', '0', '11', '1');
INSERT INTO `place` VALUES ('216', '010119', '0', '8', '1');
INSERT INTO `place` VALUES ('217', '010118', '0', '12', '1');
INSERT INTO `place` VALUES ('218', '010119', '0', '1', '1');
INSERT INTO `place` VALUES ('219', '010119', '0', '2', '1');
INSERT INTO `place` VALUES ('220', '010119', '0', '4', '1');
INSERT INTO `place` VALUES ('221', '010119', '0', '5', '1');
INSERT INTO `place` VALUES ('222', '010119', '0', '3', '1');
INSERT INTO `place` VALUES ('223', '010119', '0', '7', '1');
INSERT INTO `place` VALUES ('224', '010119', '0', '6', '1');
INSERT INTO `place` VALUES ('225', '010119', '0', '9', '1');
INSERT INTO `place` VALUES ('226', '010120', '0', '2', '1');
INSERT INTO `place` VALUES ('227', '010120', '0', '1', '1');
INSERT INTO `place` VALUES ('228', '010120', '0', '5', '1');
INSERT INTO `place` VALUES ('229', '010119', '0', '10', '1');
INSERT INTO `place` VALUES ('230', '010119', '0', '11', '1');
INSERT INTO `place` VALUES ('231', '010120', '0', '3', '1');
INSERT INTO `place` VALUES ('232', '010119', '0', '12', '1');
INSERT INTO `place` VALUES ('233', '010120', '0', '4', '1');
INSERT INTO `place` VALUES ('234', '010120', '0', '6', '1');
INSERT INTO `place` VALUES ('235', '010120', '0', '7', '1');
INSERT INTO `place` VALUES ('236', '010201', '0', '3', '1');
INSERT INTO `place` VALUES ('237', '010201', '0', '1', '1');
INSERT INTO `place` VALUES ('238', '010120', '0', '8', '1');
INSERT INTO `place` VALUES ('239', '010120', '0', '10', '1');
INSERT INTO `place` VALUES ('240', '010120', '0', '12', '1');
INSERT INTO `place` VALUES ('241', '010201', '0', '4', '1');
INSERT INTO `place` VALUES ('242', '010120', '0', '11', '1');
INSERT INTO `place` VALUES ('243', '010201', '0', '2', '1');
INSERT INTO `place` VALUES ('244', '010120', '0', '9', '1');
INSERT INTO `place` VALUES ('245', '010201', '0', '5', '1');
INSERT INTO `place` VALUES ('246', '010201', '0', '7', '1');
INSERT INTO `place` VALUES ('247', '010201', '0', '11', '1');
INSERT INTO `place` VALUES ('248', '010202', '0', '2', '1');
INSERT INTO `place` VALUES ('249', '010201', '0', '12', '1');
INSERT INTO `place` VALUES ('250', '010201', '0', '10', '1');
INSERT INTO `place` VALUES ('251', '010201', '0', '8', '1');
INSERT INTO `place` VALUES ('252', '010201', '0', '9', '1');
INSERT INTO `place` VALUES ('253', '010201', '0', '6', '1');
INSERT INTO `place` VALUES ('254', '010202', '0', '1', '1');
INSERT INTO `place` VALUES ('255', '010202', '0', '3', '1');
INSERT INTO `place` VALUES ('256', '010202', '0', '6', '1');
INSERT INTO `place` VALUES ('257', '010202', '0', '9', '1');
INSERT INTO `place` VALUES ('258', '010202', '0', '11', '1');
INSERT INTO `place` VALUES ('259', '010202', '0', '10', '1');
INSERT INTO `place` VALUES ('260', '010202', '0', '7', '1');
INSERT INTO `place` VALUES ('261', '010202', '0', '12', '1');
INSERT INTO `place` VALUES ('262', '010202', '0', '8', '1');
INSERT INTO `place` VALUES ('263', '010202', '0', '5', '1');
INSERT INTO `place` VALUES ('264', '010202', '0', '4', '1');
INSERT INTO `place` VALUES ('265', '010203', '0', '1', '1');
INSERT INTO `place` VALUES ('266', '010203', '0', '10', '1');
INSERT INTO `place` VALUES ('267', '010203', '0', '2', '1');
INSERT INTO `place` VALUES ('268', '010203', '0', '3', '1');
INSERT INTO `place` VALUES ('269', '010203', '0', '4', '1');
INSERT INTO `place` VALUES ('270', '010203', '0', '5', '1');
INSERT INTO `place` VALUES ('271', '010203', '0', '6', '1');
INSERT INTO `place` VALUES ('272', '010203', '0', '7', '1');
INSERT INTO `place` VALUES ('273', '010203', '0', '8', '1');
INSERT INTO `place` VALUES ('274', '010203', '0', '9', '1');
INSERT INTO `place` VALUES ('275', '010203', '0', '11', '1');
INSERT INTO `place` VALUES ('276', '010204', '0', '8', '1');
INSERT INTO `place` VALUES ('277', '010204', '0', '6', '1');
INSERT INTO `place` VALUES ('278', '010203', '0', '12', '1');
INSERT INTO `place` VALUES ('279', '010204', '0', '2', '1');
INSERT INTO `place` VALUES ('280', '010204', '0', '1', '1');
INSERT INTO `place` VALUES ('281', '010204', '0', '3', '1');
INSERT INTO `place` VALUES ('282', '010204', '0', '4', '1');
INSERT INTO `place` VALUES ('283', '010204', '0', '7', '1');
INSERT INTO `place` VALUES ('284', '010204', '0', '5', '1');
INSERT INTO `place` VALUES ('285', '010204', '0', '9', '1');
INSERT INTO `place` VALUES ('286', '010204', '0', '10', '1');
INSERT INTO `place` VALUES ('287', '010205', '0', '6', '1');
INSERT INTO `place` VALUES ('288', '010204', '0', '11', '1');
INSERT INTO `place` VALUES ('289', '010205', '0', '4', '1');
INSERT INTO `place` VALUES ('290', '010205', '0', '2', '1');
INSERT INTO `place` VALUES ('291', '010205', '0', '1', '1');
INSERT INTO `place` VALUES ('292', '010205', '0', '3', '1');
INSERT INTO `place` VALUES ('293', '010204', '0', '12', '1');
INSERT INTO `place` VALUES ('294', '010205', '0', '5', '1');
INSERT INTO `place` VALUES ('295', '010205', '0', '7', '1');
INSERT INTO `place` VALUES ('296', '010206', '0', '4', '1');
INSERT INTO `place` VALUES ('297', '010205', '0', '8', '1');
INSERT INTO `place` VALUES ('298', '010205', '0', '9', '1');
INSERT INTO `place` VALUES ('299', '010205', '0', '10', '1');
INSERT INTO `place` VALUES ('300', '010205', '0', '11', '1');
INSERT INTO `place` VALUES ('301', '010206', '0', '1', '1');
INSERT INTO `place` VALUES ('302', '010205', '0', '12', '1');
INSERT INTO `place` VALUES ('303', '010206', '0', '2', '1');
INSERT INTO `place` VALUES ('304', '010206', '0', '3', '1');
INSERT INTO `place` VALUES ('305', '010206', '0', '5', '1');
INSERT INTO `place` VALUES ('306', '010207', '0', '1', '1');
INSERT INTO `place` VALUES ('307', '010207', '0', '2', '1');
INSERT INTO `place` VALUES ('308', '010206', '0', '12', '1');
INSERT INTO `place` VALUES ('309', '010206', '0', '10', '1');
INSERT INTO `place` VALUES ('310', '010206', '0', '11', '1');
INSERT INTO `place` VALUES ('311', '010206', '0', '7', '1');
INSERT INTO `place` VALUES ('312', '010206', '0', '9', '1');
INSERT INTO `place` VALUES ('313', '010206', '0', '6', '1');
INSERT INTO `place` VALUES ('314', '010206', '0', '8', '1');
INSERT INTO `place` VALUES ('315', '010207', '0', '3', '1');
INSERT INTO `place` VALUES ('316', '010207', '0', '9', '1');
INSERT INTO `place` VALUES ('317', '010207', '0', '7', '1');
INSERT INTO `place` VALUES ('318', '010207', '0', '4', '1');
INSERT INTO `place` VALUES ('319', '010207', '0', '6', '1');
INSERT INTO `place` VALUES ('320', '010207', '0', '5', '1');
INSERT INTO `place` VALUES ('321', '010207', '0', '10', '1');
INSERT INTO `place` VALUES ('322', '010207', '0', '11', '1');
INSERT INTO `place` VALUES ('323', '010207', '0', '12', '1');
INSERT INTO `place` VALUES ('324', '010207', '0', '8', '1');
INSERT INTO `place` VALUES ('325', '010208', '0', '1', '1');
INSERT INTO `place` VALUES ('326', '010208', '0', '10', '1');
INSERT INTO `place` VALUES ('327', '010208', '0', '2', '1');
INSERT INTO `place` VALUES ('328', '010208', '0', '3', '1');
INSERT INTO `place` VALUES ('329', '010208', '0', '4', '1');
INSERT INTO `place` VALUES ('330', '010208', '0', '6', '1');
INSERT INTO `place` VALUES ('331', '010208', '0', '7', '1');
INSERT INTO `place` VALUES ('332', '010208', '0', '5', '1');
INSERT INTO `place` VALUES ('333', '010208', '0', '8', '1');
INSERT INTO `place` VALUES ('334', '010208', '0', '9', '1');
INSERT INTO `place` VALUES ('335', '010208', '0', '11', '1');
INSERT INTO `place` VALUES ('336', '010209', '0', '8', '1');
INSERT INTO `place` VALUES ('337', '010209', '0', '6', '1');
INSERT INTO `place` VALUES ('338', '010208', '0', '12', '1');
INSERT INTO `place` VALUES ('339', '010209', '0', '5', '1');
INSERT INTO `place` VALUES ('340', '010209', '0', '1', '1');
INSERT INTO `place` VALUES ('341', '010209', '0', '7', '1');
INSERT INTO `place` VALUES ('342', '010209', '0', '3', '1');
INSERT INTO `place` VALUES ('343', '010209', '0', '4', '1');
INSERT INTO `place` VALUES ('344', '010209', '0', '2', '1');
INSERT INTO `place` VALUES ('345', '010209', '0', '9', '1');
INSERT INTO `place` VALUES ('346', '010210', '0', '5', '1');
INSERT INTO `place` VALUES ('347', '010210', '0', '3', '1');
INSERT INTO `place` VALUES ('348', '010210', '0', '4', '1');
INSERT INTO `place` VALUES ('349', '010210', '0', '6', '1');
INSERT INTO `place` VALUES ('350', '010210', '0', '2', '1');
INSERT INTO `place` VALUES ('351', '010209', '0', '12', '1');
INSERT INTO `place` VALUES ('352', '010210', '0', '1', '1');
INSERT INTO `place` VALUES ('353', '010209', '0', '11', '1');
INSERT INTO `place` VALUES ('354', '010209', '0', '10', '1');
INSERT INTO `place` VALUES ('355', '010210', '0', '7', '1');
INSERT INTO `place` VALUES ('356', '010211', '0', '3', '1');
INSERT INTO `place` VALUES ('357', '010210', '0', '8', '1');
INSERT INTO `place` VALUES ('358', '010210', '0', '12', '1');
INSERT INTO `place` VALUES ('359', '010210', '0', '10', '1');
INSERT INTO `place` VALUES ('360', '010211', '0', '1', '1');
INSERT INTO `place` VALUES ('361', '010211', '0', '2', '1');
INSERT INTO `place` VALUES ('362', '010211', '0', '4', '1');
INSERT INTO `place` VALUES ('363', '010210', '0', '9', '1');
INSERT INTO `place` VALUES ('364', '010210', '0', '11', '1');
INSERT INTO `place` VALUES ('365', '010211', '0', '5', '1');
INSERT INTO `place` VALUES ('366', '010211', '0', '6', '1');
INSERT INTO `place` VALUES ('367', '010211', '0', '7', '1');
INSERT INTO `place` VALUES ('368', '010212', '0', '2', '1');
INSERT INTO `place` VALUES ('369', '010212', '0', '1', '1');
INSERT INTO `place` VALUES ('370', '010211', '0', '10', '1');
INSERT INTO `place` VALUES ('371', '010211', '0', '11', '1');
INSERT INTO `place` VALUES ('372', '010211', '0', '12', '1');
INSERT INTO `place` VALUES ('373', '010211', '0', '9', '1');
INSERT INTO `place` VALUES ('374', '010211', '0', '8', '1');
INSERT INTO `place` VALUES ('375', '010212', '0', '3', '1');
INSERT INTO `place` VALUES ('376', '010212', '0', '4', '1');
INSERT INTO `place` VALUES ('377', '010212', '0', '11', '1');
INSERT INTO `place` VALUES ('378', '010212', '0', '5', '1');
INSERT INTO `place` VALUES ('379', '010212', '0', '8', '1');
INSERT INTO `place` VALUES ('380', '010212', '0', '10', '1');
INSERT INTO `place` VALUES ('381', '010212', '0', '7', '1');
INSERT INTO `place` VALUES ('382', '010212', '0', '9', '1');
INSERT INTO `place` VALUES ('383', '010212', '0', '6', '1');
INSERT INTO `place` VALUES ('384', '010212', '0', '12', '1');
INSERT INTO `place` VALUES ('385', '010213', '0', '1', '1');
INSERT INTO `place` VALUES ('386', '010213', '0', '10', '1');
INSERT INTO `place` VALUES ('387', '010213', '0', '9', '1');
INSERT INTO `place` VALUES ('388', '010213', '0', '8', '1');
INSERT INTO `place` VALUES ('389', '010213', '0', '2', '1');
INSERT INTO `place` VALUES ('390', '010213', '0', '7', '1');
INSERT INTO `place` VALUES ('391', '010213', '0', '3', '1');
INSERT INTO `place` VALUES ('392', '010213', '0', '4', '1');
INSERT INTO `place` VALUES ('393', '010213', '0', '5', '1');
INSERT INTO `place` VALUES ('394', '010213', '0', '6', '1');
INSERT INTO `place` VALUES ('395', '010213', '0', '11', '1');
INSERT INTO `place` VALUES ('396', '010214', '0', '7', '1');
INSERT INTO `place` VALUES ('397', '010214', '0', '2', '1');
INSERT INTO `place` VALUES ('398', '010214', '0', '3', '1');
INSERT INTO `place` VALUES ('399', '010214', '0', '5', '1');
INSERT INTO `place` VALUES ('400', '010214', '0', '4', '1');
INSERT INTO `place` VALUES ('401', '010214', '0', '8', '1');
INSERT INTO `place` VALUES ('402', '010214', '0', '6', '1');
INSERT INTO `place` VALUES ('403', '010213', '0', '12', '1');
INSERT INTO `place` VALUES ('404', '010214', '0', '1', '1');
INSERT INTO `place` VALUES ('405', '010214', '0', '9', '1');
INSERT INTO `place` VALUES ('406', '010214', '0', '10', '1');
INSERT INTO `place` VALUES ('407', '010215', '0', '3', '1');
INSERT INTO `place` VALUES ('408', '010215', '0', '4', '1');
INSERT INTO `place` VALUES ('409', '010215', '0', '2', '1');
INSERT INTO `place` VALUES ('410', '010215', '0', '5', '1');
INSERT INTO `place` VALUES ('411', '010215', '0', '1', '1');
INSERT INTO `place` VALUES ('412', '010214', '0', '11', '1');
INSERT INTO `place` VALUES ('413', '010214', '0', '12', '1');
INSERT INTO `place` VALUES ('414', '010215', '0', '6', '1');
INSERT INTO `place` VALUES ('415', '010215', '0', '7', '1');
INSERT INTO `place` VALUES ('416', '010215', '0', '8', '1');
INSERT INTO `place` VALUES ('417', '010215', '0', '11', '1');
INSERT INTO `place` VALUES ('418', '010215', '0', '10', '1');
INSERT INTO `place` VALUES ('419', '010215', '0', '12', '1');
INSERT INTO `place` VALUES ('420', '010216', '0', '2', '1');
INSERT INTO `place` VALUES ('421', '010216', '0', '1', '1');
INSERT INTO `place` VALUES ('422', '010215', '0', '9', '1');
INSERT INTO `place` VALUES ('423', '010216', '0', '4', '1');
INSERT INTO `place` VALUES ('424', '010216', '0', '3', '1');
INSERT INTO `place` VALUES ('425', '010216', '0', '5', '1');
INSERT INTO `place` VALUES ('426', '010216', '0', '7', '1');
INSERT INTO `place` VALUES ('427', '010216', '0', '8', '1');
INSERT INTO `place` VALUES ('428', '010216', '0', '12', '1');
INSERT INTO `place` VALUES ('429', '010217', '0', '1', '1');
INSERT INTO `place` VALUES ('430', '010217', '0', '2', '1');
INSERT INTO `place` VALUES ('431', '010216', '0', '11', '1');
INSERT INTO `place` VALUES ('432', '010216', '0', '10', '1');
INSERT INTO `place` VALUES ('433', '010216', '0', '6', '1');
INSERT INTO `place` VALUES ('434', '010216', '0', '9', '1');
INSERT INTO `place` VALUES ('435', '010217', '0', '3', '1');
INSERT INTO `place` VALUES ('436', '010217', '0', '12', '1');
INSERT INTO `place` VALUES ('437', '010217', '0', '5', '1');
INSERT INTO `place` VALUES ('438', '010217', '0', '4', '1');
INSERT INTO `place` VALUES ('439', '010217', '0', '7', '1');
INSERT INTO `place` VALUES ('440', '010217', '0', '6', '1');
INSERT INTO `place` VALUES ('441', '010217', '0', '9', '1');
INSERT INTO `place` VALUES ('442', '010217', '0', '8', '1');
INSERT INTO `place` VALUES ('443', '010217', '0', '10', '1');
INSERT INTO `place` VALUES ('444', '010217', '0', '11', '1');
INSERT INTO `place` VALUES ('445', '010218', '0', '1', '1');
INSERT INTO `place` VALUES ('446', '010218', '0', '4', '1');
INSERT INTO `place` VALUES ('447', '010218', '0', '7', '1');
INSERT INTO `place` VALUES ('448', '010218', '0', '9', '1');
INSERT INTO `place` VALUES ('449', '010218', '0', '10', '1');
INSERT INTO `place` VALUES ('450', '010218', '0', '6', '1');
INSERT INTO `place` VALUES ('451', '010218', '0', '5', '1');
INSERT INTO `place` VALUES ('452', '010218', '0', '2', '1');
INSERT INTO `place` VALUES ('453', '010218', '0', '8', '1');
INSERT INTO `place` VALUES ('454', '010218', '0', '3', '1');
INSERT INTO `place` VALUES ('455', '010218', '0', '11', '1');
INSERT INTO `place` VALUES ('456', '010219', '0', '3', '1');
INSERT INTO `place` VALUES ('457', '010219', '0', '8', '1');
INSERT INTO `place` VALUES ('458', '010219', '0', '5', '1');
INSERT INTO `place` VALUES ('459', '010219', '0', '7', '1');
INSERT INTO `place` VALUES ('460', '010219', '0', '6', '1');
INSERT INTO `place` VALUES ('461', '010219', '0', '2', '1');
INSERT INTO `place` VALUES ('462', '010219', '0', '4', '1');
INSERT INTO `place` VALUES ('463', '010219', '0', '1', '1');
INSERT INTO `place` VALUES ('464', '010218', '0', '12', '1');
INSERT INTO `place` VALUES ('465', '010219', '0', '9', '1');
INSERT INTO `place` VALUES ('466', '010220', '0', '5', '1');
INSERT INTO `place` VALUES ('467', '010219', '0', '10', '1');
INSERT INTO `place` VALUES ('468', '010220', '0', '6', '1');
INSERT INTO `place` VALUES ('469', '010220', '0', '3', '1');
INSERT INTO `place` VALUES ('470', '010220', '0', '4', '1');
INSERT INTO `place` VALUES ('471', '010220', '0', '1', '1');
INSERT INTO `place` VALUES ('472', '010220', '0', '2', '1');
INSERT INTO `place` VALUES ('473', '010219', '0', '12', '1');
INSERT INTO `place` VALUES ('474', '010219', '0', '11', '1');
INSERT INTO `place` VALUES ('475', '010220', '0', '7', '1');
INSERT INTO `place` VALUES ('476', '010301', '0', '4', '1');
INSERT INTO `place` VALUES ('477', '010301', '0', '2', '1');
INSERT INTO `place` VALUES ('478', '010220', '0', '12', '1');
INSERT INTO `place` VALUES ('479', '010301', '0', '1', '1');
INSERT INTO `place` VALUES ('480', '010301', '0', '3', '1');
INSERT INTO `place` VALUES ('481', '010220', '0', '11', '1');
INSERT INTO `place` VALUES ('482', '010220', '0', '9', '1');
INSERT INTO `place` VALUES ('483', '010220', '0', '8', '1');
INSERT INTO `place` VALUES ('484', '010220', '0', '10', '1');
INSERT INTO `place` VALUES ('485', '010301', '0', '5', '1');
INSERT INTO `place` VALUES ('486', '010301', '0', '10', '1');
INSERT INTO `place` VALUES ('487', '010302', '0', '1', '1');
INSERT INTO `place` VALUES ('488', '010302', '0', '2', '1');
INSERT INTO `place` VALUES ('489', '010301', '0', '12', '1');
INSERT INTO `place` VALUES ('490', '010301', '0', '11', '1');
INSERT INTO `place` VALUES ('491', '010301', '0', '9', '1');
INSERT INTO `place` VALUES ('492', '010301', '0', '8', '1');
INSERT INTO `place` VALUES ('493', '010301', '0', '6', '1');
INSERT INTO `place` VALUES ('494', '010301', '0', '7', '1');
INSERT INTO `place` VALUES ('495', '010302', '0', '3', '1');
INSERT INTO `place` VALUES ('496', '010302', '0', '5', '1');
INSERT INTO `place` VALUES ('497', '010302', '0', '8', '1');
INSERT INTO `place` VALUES ('498', '010302', '0', '6', '1');
INSERT INTO `place` VALUES ('499', '010302', '0', '7', '1');
INSERT INTO `place` VALUES ('500', '010302', '0', '9', '1');
INSERT INTO `place` VALUES ('501', '010302', '0', '12', '1');
INSERT INTO `place` VALUES ('502', '010302', '0', '11', '1');
INSERT INTO `place` VALUES ('503', '010302', '0', '10', '1');
INSERT INTO `place` VALUES ('504', '010302', '0', '4', '1');
INSERT INTO `place` VALUES ('505', '010303', '0', '1', '1');
INSERT INTO `place` VALUES ('506', '010303', '0', '4', '1');
INSERT INTO `place` VALUES ('507', '010303', '0', '9', '1');
INSERT INTO `place` VALUES ('508', '010303', '0', '10', '1');
INSERT INTO `place` VALUES ('509', '010303', '0', '7', '1');
INSERT INTO `place` VALUES ('510', '010303', '0', '6', '1');
INSERT INTO `place` VALUES ('511', '010303', '0', '8', '1');
INSERT INTO `place` VALUES ('512', '010303', '0', '2', '1');
INSERT INTO `place` VALUES ('513', '010303', '0', '3', '1');
INSERT INTO `place` VALUES ('514', '010303', '0', '5', '1');
INSERT INTO `place` VALUES ('515', '010303', '0', '11', '1');
INSERT INTO `place` VALUES ('516', '010303', '0', '12', '1');
INSERT INTO `place` VALUES ('517', '010304', '0', '1', '1');
INSERT INTO `place` VALUES ('518', '010304', '0', '2', '1');
INSERT INTO `place` VALUES ('519', '010304', '0', '6', '1');
INSERT INTO `place` VALUES ('520', '010304', '0', '3', '1');
INSERT INTO `place` VALUES ('521', '010304', '0', '7', '1');
INSERT INTO `place` VALUES ('522', '010304', '0', '4', '1');
INSERT INTO `place` VALUES ('523', '010304', '0', '5', '1');
INSERT INTO `place` VALUES ('524', '010304', '0', '8', '1');
INSERT INTO `place` VALUES ('525', '010304', '0', '9', '1');
INSERT INTO `place` VALUES ('526', '010305', '0', '3', '1');
INSERT INTO `place` VALUES ('527', '010305', '0', '5', '1');
INSERT INTO `place` VALUES ('528', '010305', '0', '2', '1');
INSERT INTO `place` VALUES ('529', '010305', '0', '4', '1');
INSERT INTO `place` VALUES ('530', '010305', '0', '6', '1');
INSERT INTO `place` VALUES ('531', '010304', '0', '12', '1');
INSERT INTO `place` VALUES ('532', '010305', '0', '1', '1');
INSERT INTO `place` VALUES ('533', '010304', '0', '11', '1');
INSERT INTO `place` VALUES ('534', '010304', '0', '10', '1');
INSERT INTO `place` VALUES ('535', '010305', '0', '7', '1');
INSERT INTO `place` VALUES ('536', '010305', '0', '11', '1');
INSERT INTO `place` VALUES ('537', '010306', '0', '4', '1');
INSERT INTO `place` VALUES ('538', '010306', '0', '3', '1');
INSERT INTO `place` VALUES ('539', '010305', '0', '8', '1');
INSERT INTO `place` VALUES ('540', '010305', '0', '10', '1');
INSERT INTO `place` VALUES ('541', '010305', '0', '12', '1');
INSERT INTO `place` VALUES ('542', '010306', '0', '1', '1');
INSERT INTO `place` VALUES ('543', '010306', '0', '2', '1');
INSERT INTO `place` VALUES ('544', '010305', '0', '9', '1');
INSERT INTO `place` VALUES ('545', '010306', '0', '5', '1');
INSERT INTO `place` VALUES ('546', '010307', '0', '1', '1');
INSERT INTO `place` VALUES ('547', '010307', '0', '2', '1');
INSERT INTO `place` VALUES ('548', '010306', '0', '12', '1');
INSERT INTO `place` VALUES ('549', '010306', '0', '8', '1');
INSERT INTO `place` VALUES ('550', '010306', '0', '11', '1');
INSERT INTO `place` VALUES ('551', '010306', '0', '9', '1');
INSERT INTO `place` VALUES ('552', '010306', '0', '10', '1');
INSERT INTO `place` VALUES ('553', '010306', '0', '7', '1');
INSERT INTO `place` VALUES ('554', '010306', '0', '6', '1');
INSERT INTO `place` VALUES ('555', '010307', '0', '3', '1');
INSERT INTO `place` VALUES ('556', '010307', '0', '10', '1');
INSERT INTO `place` VALUES ('557', '010307', '0', '4', '1');
INSERT INTO `place` VALUES ('558', '010307', '0', '9', '1');
INSERT INTO `place` VALUES ('559', '010307', '0', '11', '1');
INSERT INTO `place` VALUES ('560', '010307', '0', '6', '1');
INSERT INTO `place` VALUES ('561', '010307', '0', '7', '1');
INSERT INTO `place` VALUES ('562', '010307', '0', '8', '1');
INSERT INTO `place` VALUES ('563', '010307', '0', '5', '1');
INSERT INTO `place` VALUES ('564', '010307', '0', '12', '1');
INSERT INTO `place` VALUES ('565', '010308', '0', '1', '1');
INSERT INTO `place` VALUES ('566', '010308', '0', '2', '1');
INSERT INTO `place` VALUES ('567', '010308', '0', '10', '1');
INSERT INTO `place` VALUES ('568', '010308', '0', '3', '1');
INSERT INTO `place` VALUES ('569', '010308', '0', '8', '1');
INSERT INTO `place` VALUES ('570', '010308', '0', '9', '1');
INSERT INTO `place` VALUES ('571', '010308', '0', '5', '1');
INSERT INTO `place` VALUES ('572', '010308', '0', '7', '1');
INSERT INTO `place` VALUES ('573', '010308', '0', '6', '1');
INSERT INTO `place` VALUES ('574', '010308', '0', '4', '1');
INSERT INTO `place` VALUES ('575', '010308', '0', '11', '1');
INSERT INTO `place` VALUES ('576', '010309', '0', '2', '1');
INSERT INTO `place` VALUES ('577', '010309', '0', '8', '1');
INSERT INTO `place` VALUES ('578', '010309', '0', '6', '1');
INSERT INTO `place` VALUES ('579', '010309', '0', '5', '1');
INSERT INTO `place` VALUES ('580', '010309', '0', '7', '1');
INSERT INTO `place` VALUES ('581', '010309', '0', '3', '1');
INSERT INTO `place` VALUES ('582', '010309', '0', '1', '1');
INSERT INTO `place` VALUES ('583', '010308', '0', '12', '1');
INSERT INTO `place` VALUES ('584', '010309', '0', '4', '1');
INSERT INTO `place` VALUES ('585', '010309', '0', '9', '1');
INSERT INTO `place` VALUES ('586', '010310', '0', '6', '1');
INSERT INTO `place` VALUES ('587', '010309', '0', '10', '1');
INSERT INTO `place` VALUES ('588', '010309', '0', '11', '1');
INSERT INTO `place` VALUES ('589', '010310', '0', '1', '1');
INSERT INTO `place` VALUES ('590', '010309', '0', '12', '1');
INSERT INTO `place` VALUES ('591', '010310', '0', '2', '1');
INSERT INTO `place` VALUES ('592', '010310', '0', '5', '1');
INSERT INTO `place` VALUES ('593', '010310', '0', '3', '1');
INSERT INTO `place` VALUES ('594', '010310', '0', '4', '1');
INSERT INTO `place` VALUES ('595', '010310', '0', '7', '1');
INSERT INTO `place` VALUES ('596', '010310', '0', '12', '1');
INSERT INTO `place` VALUES ('597', '010311', '0', '2', '1');
INSERT INTO `place` VALUES ('598', '010310', '0', '8', '1');
INSERT INTO `place` VALUES ('599', '010310', '0', '9', '1');
INSERT INTO `place` VALUES ('600', '010310', '0', '10', '1');
INSERT INTO `place` VALUES ('601', '010311', '0', '1', '1');
INSERT INTO `place` VALUES ('602', '010311', '0', '3', '1');
INSERT INTO `place` VALUES ('603', '010311', '0', '4', '1');
INSERT INTO `place` VALUES ('604', '010310', '0', '11', '1');
INSERT INTO `place` VALUES ('605', '010311', '0', '5', '1');
INSERT INTO `place` VALUES ('606', '010312', '0', '1', '1');
INSERT INTO `place` VALUES ('607', '010312', '0', '2', '1');
INSERT INTO `place` VALUES ('608', '010311', '0', '8', '1');
INSERT INTO `place` VALUES ('609', '010311', '0', '9', '1');
INSERT INTO `place` VALUES ('610', '010311', '0', '10', '1');
INSERT INTO `place` VALUES ('611', '010311', '0', '11', '1');
INSERT INTO `place` VALUES ('612', '010311', '0', '12', '1');
INSERT INTO `place` VALUES ('613', '010311', '0', '7', '1');
INSERT INTO `place` VALUES ('614', '010311', '0', '6', '1');
INSERT INTO `place` VALUES ('615', '010312', '0', '3', '1');
INSERT INTO `place` VALUES ('616', '010312', '0', '12', '1');
INSERT INTO `place` VALUES ('617', '010312', '0', '5', '1');
INSERT INTO `place` VALUES ('618', '010312', '0', '4', '1');
INSERT INTO `place` VALUES ('619', '010312', '0', '7', '1');
INSERT INTO `place` VALUES ('620', '010312', '0', '6', '1');
INSERT INTO `place` VALUES ('621', '010312', '0', '8', '1');
INSERT INTO `place` VALUES ('622', '010312', '0', '9', '1');
INSERT INTO `place` VALUES ('623', '010312', '0', '10', '1');
INSERT INTO `place` VALUES ('624', '010312', '0', '11', '1');
INSERT INTO `place` VALUES ('625', '010313', '0', '1', '1');
INSERT INTO `place` VALUES ('626', '010313', '0', '3', '1');
INSERT INTO `place` VALUES ('627', '010313', '0', '2', '1');
INSERT INTO `place` VALUES ('628', '010313', '0', '10', '1');
INSERT INTO `place` VALUES ('629', '010313', '0', '8', '1');
INSERT INTO `place` VALUES ('630', '010313', '0', '4', '1');
INSERT INTO `place` VALUES ('631', '010313', '0', '9', '1');
INSERT INTO `place` VALUES ('632', '010313', '0', '6', '1');
INSERT INTO `place` VALUES ('633', '010313', '0', '7', '1');
INSERT INTO `place` VALUES ('634', '010313', '0', '5', '1');
INSERT INTO `place` VALUES ('635', '010313', '0', '11', '1');
INSERT INTO `place` VALUES ('636', '010313', '0', '12', '1');
INSERT INTO `place` VALUES ('637', '010314', '0', '4', '1');
INSERT INTO `place` VALUES ('638', '010314', '0', '2', '1');
INSERT INTO `place` VALUES ('639', '010314', '0', '1', '1');
INSERT INTO `place` VALUES ('640', '010314', '0', '8', '1');
INSERT INTO `place` VALUES ('641', '010314', '0', '6', '1');
INSERT INTO `place` VALUES ('642', '010314', '0', '3', '1');
INSERT INTO `place` VALUES ('643', '010314', '0', '5', '1');
INSERT INTO `place` VALUES ('644', '010314', '0', '7', '1');
INSERT INTO `place` VALUES ('645', '010314', '0', '9', '1');
INSERT INTO `place` VALUES ('646', '010315', '0', '4', '1');
INSERT INTO `place` VALUES ('647', '010314', '0', '10', '1');
INSERT INTO `place` VALUES ('648', '010315', '0', '6', '1');
INSERT INTO `place` VALUES ('649', '010315', '0', '2', '1');
INSERT INTO `place` VALUES ('650', '010315', '0', '5', '1');
INSERT INTO `place` VALUES ('651', '010315', '0', '3', '1');
INSERT INTO `place` VALUES ('652', '010315', '0', '1', '1');
INSERT INTO `place` VALUES ('653', '010314', '0', '11', '1');
INSERT INTO `place` VALUES ('654', '010314', '0', '12', '1');
INSERT INTO `place` VALUES ('655', '010315', '0', '7', '1');
INSERT INTO `place` VALUES ('656', '010316', '0', '2', '1');
INSERT INTO `place` VALUES ('657', '010316', '0', '3', '1');
INSERT INTO `place` VALUES ('658', '010315', '0', '12', '1');
INSERT INTO `place` VALUES ('659', '010316', '0', '1', '1');
INSERT INTO `place` VALUES ('660', '010315', '0', '11', '1');
INSERT INTO `place` VALUES ('661', '010315', '0', '9', '1');
INSERT INTO `place` VALUES ('662', '010315', '0', '10', '1');
INSERT INTO `place` VALUES ('663', '010316', '0', '4', '1');
INSERT INTO `place` VALUES ('664', '010315', '0', '8', '1');
INSERT INTO `place` VALUES ('665', '010316', '0', '5', '1');
INSERT INTO `place` VALUES ('666', '010317', '0', '2', '1');
INSERT INTO `place` VALUES ('667', '010316', '0', '6', '1');
INSERT INTO `place` VALUES ('668', '010316', '0', '7', '1');
INSERT INTO `place` VALUES ('669', '010316', '0', '8', '1');
INSERT INTO `place` VALUES ('670', '010316', '0', '9', '1');
INSERT INTO `place` VALUES ('671', '010316', '0', '10', '1');
INSERT INTO `place` VALUES ('672', '010316', '0', '11', '1');
INSERT INTO `place` VALUES ('673', '010316', '0', '12', '1');
INSERT INTO `place` VALUES ('674', '010317', '0', '1', '1');
INSERT INTO `place` VALUES ('675', '010317', '0', '3', '1');
INSERT INTO `place` VALUES ('676', '010317', '0', '12', '1');
INSERT INTO `place` VALUES ('677', '010317', '0', '8', '1');
INSERT INTO `place` VALUES ('678', '010317', '0', '11', '1');
INSERT INTO `place` VALUES ('679', '010317', '0', '10', '1');
INSERT INTO `place` VALUES ('680', '010317', '0', '9', '1');
INSERT INTO `place` VALUES ('681', '010317', '0', '7', '1');
INSERT INTO `place` VALUES ('682', '010317', '0', '6', '1');
INSERT INTO `place` VALUES ('683', '010317', '0', '4', '1');
INSERT INTO `place` VALUES ('684', '010317', '0', '5', '1');
INSERT INTO `place` VALUES ('685', '010318', '0', '1', '1');
INSERT INTO `place` VALUES ('686', '010318', '0', '9', '1');
INSERT INTO `place` VALUES ('687', '010318', '0', '10', '1');
INSERT INTO `place` VALUES ('688', '010318', '0', '8', '1');
INSERT INTO `place` VALUES ('689', '010318', '0', '6', '1');
INSERT INTO `place` VALUES ('690', '010318', '0', '7', '1');
INSERT INTO `place` VALUES ('691', '010318', '0', '5', '1');
INSERT INTO `place` VALUES ('692', '010318', '0', '2', '1');
INSERT INTO `place` VALUES ('693', '010318', '0', '4', '1');
INSERT INTO `place` VALUES ('694', '010318', '0', '3', '1');
INSERT INTO `place` VALUES ('695', '010318', '0', '11', '1');
INSERT INTO `place` VALUES ('696', '010318', '0', '12', '1');
INSERT INTO `place` VALUES ('697', '010319', '0', '2', '1');
INSERT INTO `place` VALUES ('698', '010319', '0', '3', '1');
INSERT INTO `place` VALUES ('699', '010319', '0', '1', '1');
INSERT INTO `place` VALUES ('700', '010319', '0', '6', '1');
INSERT INTO `place` VALUES ('701', '010319', '0', '4', '1');
INSERT INTO `place` VALUES ('702', '010319', '0', '7', '1');
INSERT INTO `place` VALUES ('703', '010319', '0', '5', '1');
INSERT INTO `place` VALUES ('704', '010319', '0', '8', '1');
INSERT INTO `place` VALUES ('705', '010319', '0', '9', '1');
INSERT INTO `place` VALUES ('706', '010319', '0', '11', '1');
INSERT INTO `place` VALUES ('707', '010320', '0', '1', '1');
INSERT INTO `place` VALUES ('708', '010319', '0', '12', '1');
INSERT INTO `place` VALUES ('709', '010320', '0', '2', '1');
INSERT INTO `place` VALUES ('710', '010320', '0', '5', '1');
INSERT INTO `place` VALUES ('711', '010320', '0', '6', '1');
INSERT INTO `place` VALUES ('712', '010320', '0', '3', '1');
INSERT INTO `place` VALUES ('713', '010320', '0', '4', '1');
INSERT INTO `place` VALUES ('714', '010319', '0', '10', '1');
INSERT INTO `place` VALUES ('715', '010320', '0', '7', '1');
INSERT INTO `place` VALUES ('716', '010401', '0', '2', '1');
INSERT INTO `place` VALUES ('717', '010401', '0', '3', '1');
INSERT INTO `place` VALUES ('718', '010320', '0', '10', '1');
INSERT INTO `place` VALUES ('719', '010320', '0', '12', '1');
INSERT INTO `place` VALUES ('720', '010401', '0', '4', '1');
INSERT INTO `place` VALUES ('721', '010401', '0', '1', '1');
INSERT INTO `place` VALUES ('722', '010320', '0', '11', '1');
INSERT INTO `place` VALUES ('723', '010320', '0', '9', '1');
INSERT INTO `place` VALUES ('724', '010320', '0', '8', '1');
INSERT INTO `place` VALUES ('725', '010401', '0', '5', '1');
INSERT INTO `place` VALUES ('726', '010402', '0', '1', '1');
INSERT INTO `place` VALUES ('727', '010401', '0', '7', '1');
INSERT INTO `place` VALUES ('728', '010401', '0', '6', '1');
INSERT INTO `place` VALUES ('729', '010401', '0', '10', '1');
INSERT INTO `place` VALUES ('730', '010401', '0', '9', '1');
INSERT INTO `place` VALUES ('731', '010401', '0', '8', '1');
INSERT INTO `place` VALUES ('732', '010402', '0', '2', '1');
INSERT INTO `place` VALUES ('733', '010401', '0', '11', '1');
INSERT INTO `place` VALUES ('734', '010401', '0', '12', '1');
INSERT INTO `place` VALUES ('735', '010402', '0', '3', '1');
INSERT INTO `place` VALUES ('736', '010402', '0', '12', '1');
INSERT INTO `place` VALUES ('737', '010402', '0', '10', '1');
INSERT INTO `place` VALUES ('738', '010402', '0', '9', '1');
INSERT INTO `place` VALUES ('739', '010402', '0', '8', '1');
INSERT INTO `place` VALUES ('740', '010402', '0', '11', '1');
INSERT INTO `place` VALUES ('741', '010402', '0', '5', '1');
INSERT INTO `place` VALUES ('742', '010402', '0', '4', '1');
INSERT INTO `place` VALUES ('743', '010402', '0', '6', '1');
INSERT INTO `place` VALUES ('744', '010402', '0', '7', '1');
INSERT INTO `place` VALUES ('745', '010403', '0', '1', '1');
INSERT INTO `place` VALUES ('746', '010403', '0', '2', '1');
INSERT INTO `place` VALUES ('747', '010403', '0', '10', '1');
INSERT INTO `place` VALUES ('748', '010403', '0', '9', '1');
INSERT INTO `place` VALUES ('749', '010403', '0', '8', '1');
INSERT INTO `place` VALUES ('750', '010403', '0', '5', '1');
INSERT INTO `place` VALUES ('751', '010403', '0', '4', '1');
INSERT INTO `place` VALUES ('752', '010403', '0', '7', '1');
INSERT INTO `place` VALUES ('753', '010403', '0', '3', '1');
INSERT INTO `place` VALUES ('754', '010403', '0', '6', '1');
INSERT INTO `place` VALUES ('755', '010403', '0', '11', '1');
INSERT INTO `place` VALUES ('756', '010404', '0', '1', '1');
INSERT INTO `place` VALUES ('757', '010404', '0', '7', '1');
INSERT INTO `place` VALUES ('758', '010404', '0', '5', '1');
INSERT INTO `place` VALUES ('759', '010404', '0', '4', '1');
INSERT INTO `place` VALUES ('760', '010404', '0', '6', '1');
INSERT INTO `place` VALUES ('761', '010404', '0', '3', '1');
INSERT INTO `place` VALUES ('762', '010404', '0', '2', '1');
INSERT INTO `place` VALUES ('763', '010403', '0', '12', '1');
INSERT INTO `place` VALUES ('764', '010404', '0', '8', '1');
INSERT INTO `place` VALUES ('765', '010404', '0', '9', '1');
INSERT INTO `place` VALUES ('766', '010405', '0', '6', '1');
INSERT INTO `place` VALUES ('767', '010404', '0', '11', '1');
INSERT INTO `place` VALUES ('768', '010404', '0', '10', '1');
INSERT INTO `place` VALUES ('769', '010404', '0', '12', '1');
INSERT INTO `place` VALUES ('770', '010405', '0', '1', '1');
INSERT INTO `place` VALUES ('771', '010405', '0', '3', '1');
INSERT INTO `place` VALUES ('772', '010405', '0', '2', '1');
INSERT INTO `place` VALUES ('773', '010405', '0', '5', '1');
INSERT INTO `place` VALUES ('774', '010405', '0', '4', '1');
INSERT INTO `place` VALUES ('775', '010405', '0', '7', '1');
INSERT INTO `place` VALUES ('776', '010406', '0', '2', '1');
INSERT INTO `place` VALUES ('777', '010406', '0', '3', '1');
INSERT INTO `place` VALUES ('778', '010406', '0', '4', '1');
INSERT INTO `place` VALUES ('779', '010406', '0', '1', '1');
INSERT INTO `place` VALUES ('780', '010405', '0', '12', '1');
INSERT INTO `place` VALUES ('781', '010405', '0', '11', '1');
INSERT INTO `place` VALUES ('782', '010405', '0', '10', '1');
INSERT INTO `place` VALUES ('783', '010405', '0', '8', '1');
INSERT INTO `place` VALUES ('784', '010405', '0', '9', '1');
INSERT INTO `place` VALUES ('785', '010406', '0', '5', '1');
INSERT INTO `place` VALUES ('786', '010406', '0', '6', '1');
INSERT INTO `place` VALUES ('787', '010406', '0', '8', '1');
INSERT INTO `place` VALUES ('788', '010407', '0', '2', '1');
INSERT INTO `place` VALUES ('789', '010406', '0', '10', '1');
INSERT INTO `place` VALUES ('790', '010406', '0', '12', '1');
INSERT INTO `place` VALUES ('791', '010407', '0', '1', '1');
INSERT INTO `place` VALUES ('792', '010406', '0', '11', '1');
INSERT INTO `place` VALUES ('793', '010406', '0', '7', '1');
INSERT INTO `place` VALUES ('794', '010406', '0', '9', '1');
INSERT INTO `place` VALUES ('795', '010407', '0', '3', '1');
INSERT INTO `place` VALUES ('796', '010407', '0', '6', '1');
INSERT INTO `place` VALUES ('797', '010407', '0', '5', '1');
INSERT INTO `place` VALUES ('798', '010407', '0', '12', '1');
INSERT INTO `place` VALUES ('799', '010407', '0', '4', '1');
INSERT INTO `place` VALUES ('800', '010407', '0', '7', '1');
INSERT INTO `place` VALUES ('801', '010407', '0', '8', '1');
INSERT INTO `place` VALUES ('802', '010407', '0', '11', '1');
INSERT INTO `place` VALUES ('803', '010407', '0', '10', '1');
INSERT INTO `place` VALUES ('804', '010407', '0', '9', '1');
INSERT INTO `place` VALUES ('805', '010408', '0', '1', '1');
INSERT INTO `place` VALUES ('806', '010408', '0', '7', '1');
INSERT INTO `place` VALUES ('807', '010408', '0', '2', '1');
INSERT INTO `place` VALUES ('808', '010408', '0', '9', '1');
INSERT INTO `place` VALUES ('809', '010408', '0', '10', '1');
INSERT INTO `place` VALUES ('810', '010408', '0', '4', '1');
INSERT INTO `place` VALUES ('811', '010408', '0', '3', '1');
INSERT INTO `place` VALUES ('812', '010408', '0', '5', '1');
INSERT INTO `place` VALUES ('813', '010408', '0', '8', '1');
INSERT INTO `place` VALUES ('814', '010408', '0', '6', '1');
INSERT INTO `place` VALUES ('815', '010408', '0', '11', '1');
INSERT INTO `place` VALUES ('816', '010409', '0', '7', '1');
INSERT INTO `place` VALUES ('817', '010409', '0', '8', '1');
INSERT INTO `place` VALUES ('818', '010409', '0', '1', '1');
INSERT INTO `place` VALUES ('819', '010409', '0', '6', '1');
INSERT INTO `place` VALUES ('820', '010409', '0', '4', '1');
INSERT INTO `place` VALUES ('821', '010409', '0', '5', '1');
INSERT INTO `place` VALUES ('822', '010409', '0', '3', '1');
INSERT INTO `place` VALUES ('823', '010409', '0', '2', '1');
INSERT INTO `place` VALUES ('824', '010408', '0', '12', '1');
INSERT INTO `place` VALUES ('825', '010409', '0', '9', '1');
INSERT INTO `place` VALUES ('826', '010410', '0', '6', '1');
INSERT INTO `place` VALUES ('827', '010409', '0', '10', '1');
INSERT INTO `place` VALUES ('828', '010409', '0', '11', '1');
INSERT INTO `place` VALUES ('829', '010410', '0', '1', '1');
INSERT INTO `place` VALUES ('830', '010409', '0', '12', '1');
INSERT INTO `place` VALUES ('831', '010410', '0', '3', '1');
INSERT INTO `place` VALUES ('832', '010410', '0', '2', '1');
INSERT INTO `place` VALUES ('833', '010410', '0', '4', '1');
INSERT INTO `place` VALUES ('834', '010410', '0', '5', '1');
INSERT INTO `place` VALUES ('835', '010410', '0', '7', '1');
INSERT INTO `place` VALUES ('836', '010410', '0', '8', '1');
INSERT INTO `place` VALUES ('837', '010411', '0', '2', '1');
INSERT INTO `place` VALUES ('838', '010411', '0', '3', '1');
INSERT INTO `place` VALUES ('839', '010411', '0', '1', '1');
INSERT INTO `place` VALUES ('840', '010410', '0', '12', '1');
INSERT INTO `place` VALUES ('841', '010410', '0', '11', '1');
INSERT INTO `place` VALUES ('842', '010410', '0', '9', '1');
INSERT INTO `place` VALUES ('843', '010411', '0', '4', '1');
INSERT INTO `place` VALUES ('844', '010410', '0', '10', '1');
INSERT INTO `place` VALUES ('845', '010411', '0', '5', '1');
INSERT INTO `place` VALUES ('846', '010411', '0', '6', '1');
INSERT INTO `place` VALUES ('847', '010411', '0', '9', '1');
INSERT INTO `place` VALUES ('848', '010411', '0', '12', '1');
INSERT INTO `place` VALUES ('849', '010411', '0', '11', '1');
INSERT INTO `place` VALUES ('850', '010412', '0', '2', '1');
INSERT INTO `place` VALUES ('851', '010412', '0', '1', '1');
INSERT INTO `place` VALUES ('852', '010411', '0', '10', '1');
INSERT INTO `place` VALUES ('853', '010411', '0', '7', '1');
INSERT INTO `place` VALUES ('854', '010411', '0', '8', '1');
INSERT INTO `place` VALUES ('855', '010412', '0', '3', '1');
INSERT INTO `place` VALUES ('856', '010412', '0', '12', '1');
INSERT INTO `place` VALUES ('857', '010412', '0', '11', '1');
INSERT INTO `place` VALUES ('858', '010412', '0', '10', '1');
INSERT INTO `place` VALUES ('859', '010412', '0', '9', '1');
INSERT INTO `place` VALUES ('860', '010412', '0', '8', '1');
INSERT INTO `place` VALUES ('861', '010412', '0', '7', '1');
INSERT INTO `place` VALUES ('862', '010412', '0', '6', '1');
INSERT INTO `place` VALUES ('863', '010412', '0', '4', '1');
INSERT INTO `place` VALUES ('864', '010412', '0', '5', '1');
INSERT INTO `place` VALUES ('865', '010413', '0', '1', '1');
INSERT INTO `place` VALUES ('866', '010413', '0', '6', '1');
INSERT INTO `place` VALUES ('867', '010413', '0', '10', '1');
INSERT INTO `place` VALUES ('868', '010413', '0', '9', '1');
INSERT INTO `place` VALUES ('869', '010413', '0', '7', '1');
INSERT INTO `place` VALUES ('870', '010413', '0', '8', '1');
INSERT INTO `place` VALUES ('871', '010413', '0', '4', '1');
INSERT INTO `place` VALUES ('872', '010413', '0', '5', '1');
INSERT INTO `place` VALUES ('873', '010413', '0', '3', '1');
INSERT INTO `place` VALUES ('874', '010413', '0', '2', '1');
INSERT INTO `place` VALUES ('875', '010413', '0', '11', '1');
INSERT INTO `place` VALUES ('876', '010414', '0', '8', '1');
INSERT INTO `place` VALUES ('877', '010414', '0', '7', '1');
INSERT INTO `place` VALUES ('878', '010414', '0', '6', '1');
INSERT INTO `place` VALUES ('879', '010414', '0', '5', '1');
INSERT INTO `place` VALUES ('880', '010413', '0', '12', '1');
INSERT INTO `place` VALUES ('881', '010414', '0', '4', '1');
INSERT INTO `place` VALUES ('882', '010414', '0', '3', '1');
INSERT INTO `place` VALUES ('883', '010414', '0', '2', '1');
INSERT INTO `place` VALUES ('884', '010414', '0', '1', '1');
INSERT INTO `place` VALUES ('885', '010414', '0', '9', '1');
INSERT INTO `place` VALUES ('886', '010415', '0', '6', '1');
INSERT INTO `place` VALUES ('887', '010414', '0', '10', '1');
INSERT INTO `place` VALUES ('888', '010414', '0', '11', '1');
INSERT INTO `place` VALUES ('889', '010414', '0', '12', '1');
INSERT INTO `place` VALUES ('890', '010415', '0', '4', '1');
INSERT INTO `place` VALUES ('891', '010415', '0', '1', '1');
INSERT INTO `place` VALUES ('892', '010415', '0', '5', '1');
INSERT INTO `place` VALUES ('893', '010415', '0', '3', '1');
INSERT INTO `place` VALUES ('894', '010415', '0', '2', '1');
INSERT INTO `place` VALUES ('895', '010415', '0', '7', '1');
INSERT INTO `place` VALUES ('896', '010415', '0', '10', '1');
INSERT INTO `place` VALUES ('897', '010415', '0', '8', '1');
INSERT INTO `place` VALUES ('898', '010415', '0', '9', '1');
INSERT INTO `place` VALUES ('899', '010416', '0', '4', '1');
INSERT INTO `place` VALUES ('900', '010415', '0', '11', '1');
INSERT INTO `place` VALUES ('901', '010415', '0', '12', '1');
INSERT INTO `place` VALUES ('902', '010416', '0', '1', '1');
INSERT INTO `place` VALUES ('903', '010416', '0', '2', '1');
INSERT INTO `place` VALUES ('904', '010416', '0', '3', '1');
INSERT INTO `place` VALUES ('905', '010416', '0', '5', '1');
INSERT INTO `place` VALUES ('906', '010416', '0', '8', '1');
INSERT INTO `place` VALUES ('907', '010416', '0', '6', '1');
INSERT INTO `place` VALUES ('908', '010416', '0', '7', '1');
INSERT INTO `place` VALUES ('909', '010416', '0', '9', '1');
INSERT INTO `place` VALUES ('910', '010416', '0', '10', '1');
INSERT INTO `place` VALUES ('911', '010417', '0', '1', '1');
INSERT INTO `place` VALUES ('912', '010416', '0', '11', '1');
INSERT INTO `place` VALUES ('913', '010417', '0', '2', '1');
INSERT INTO `place` VALUES ('914', '010416', '0', '12', '1');
INSERT INTO `place` VALUES ('915', '010417', '0', '3', '1');
INSERT INTO `place` VALUES ('916', '010417', '0', '4', '1');
INSERT INTO `place` VALUES ('917', '010417', '0', '10', '1');
INSERT INTO `place` VALUES ('918', '010417', '0', '9', '1');
INSERT INTO `place` VALUES ('919', '010417', '0', '12', '1');
INSERT INTO `place` VALUES ('920', '010417', '0', '8', '1');
INSERT INTO `place` VALUES ('921', '010417', '0', '7', '1');
INSERT INTO `place` VALUES ('922', '010417', '0', '5', '1');
INSERT INTO `place` VALUES ('923', '010417', '0', '6', '1');
INSERT INTO `place` VALUES ('924', '010417', '0', '11', '1');
INSERT INTO `place` VALUES ('925', '010418', '0', '1', '1');
INSERT INTO `place` VALUES ('926', '010418', '0', '2', '1');
INSERT INTO `place` VALUES ('927', '010418', '0', '3', '1');
INSERT INTO `place` VALUES ('928', '010418', '0', '9', '1');
INSERT INTO `place` VALUES ('929', '010418', '0', '10', '1');
INSERT INTO `place` VALUES ('930', '010418', '0', '8', '1');
INSERT INTO `place` VALUES ('931', '010418', '0', '7', '1');
INSERT INTO `place` VALUES ('932', '010418', '0', '4', '1');
INSERT INTO `place` VALUES ('933', '010418', '0', '5', '1');
INSERT INTO `place` VALUES ('934', '010418', '0', '6', '1');
INSERT INTO `place` VALUES ('935', '010418', '0', '11', '1');
INSERT INTO `place` VALUES ('936', '010418', '0', '12', '1');
INSERT INTO `place` VALUES ('937', '010419', '0', '2', '1');
INSERT INTO `place` VALUES ('938', '010419', '0', '3', '1');
INSERT INTO `place` VALUES ('939', '010419', '0', '1', '1');
INSERT INTO `place` VALUES ('940', '010419', '0', '5', '1');
INSERT INTO `place` VALUES ('941', '010419', '0', '7', '1');
INSERT INTO `place` VALUES ('942', '010419', '0', '4', '1');
INSERT INTO `place` VALUES ('943', '010419', '0', '8', '1');
INSERT INTO `place` VALUES ('944', '010419', '0', '6', '1');
INSERT INTO `place` VALUES ('945', '010419', '0', '9', '1');
INSERT INTO `place` VALUES ('946', '010419', '0', '10', '1');
INSERT INTO `place` VALUES ('947', '010420', '0', '6', '1');
INSERT INTO `place` VALUES ('948', '010420', '0', '3', '1');
INSERT INTO `place` VALUES ('949', '010420', '0', '5', '1');
INSERT INTO `place` VALUES ('950', '010420', '0', '1', '1');
INSERT INTO `place` VALUES ('951', '010420', '0', '4', '1');
INSERT INTO `place` VALUES ('952', '010420', '0', '2', '1');
INSERT INTO `place` VALUES ('953', '010419', '0', '11', '1');
INSERT INTO `place` VALUES ('954', '010419', '0', '12', '1');
INSERT INTO `place` VALUES ('955', '010420', '0', '7', '1');
INSERT INTO `place` VALUES ('956', '010420', '0', '12', '1');
INSERT INTO `place` VALUES ('957', '010420', '0', '9', '1');
INSERT INTO `place` VALUES ('958', '010420', '0', '8', '1');
INSERT INTO `place` VALUES ('959', '010420', '0', '10', '1');
INSERT INTO `place` VALUES ('960', '010420', '0', '11', '1');
INSERT INTO `place` VALUES ('961', '010501', '0', '1', '1');
INSERT INTO `place` VALUES ('962', '010501', '0', '3', '1');
INSERT INTO `place` VALUES ('963', '010501', '0', '2', '1');
INSERT INTO `place` VALUES ('964', '010501', '0', '4', '1');
INSERT INTO `place` VALUES ('965', '010501', '0', '5', '1');
INSERT INTO `place` VALUES ('966', '010502', '0', '2', '1');
INSERT INTO `place` VALUES ('967', '010501', '0', '6', '1');
INSERT INTO `place` VALUES ('968', '010501', '0', '7', '1');
INSERT INTO `place` VALUES ('969', '010501', '0', '8', '1');
INSERT INTO `place` VALUES ('970', '010501', '0', '9', '1');
INSERT INTO `place` VALUES ('971', '010501', '0', '11', '1');
INSERT INTO `place` VALUES ('972', '010501', '0', '10', '1');
INSERT INTO `place` VALUES ('973', '010502', '0', '1', '1');
INSERT INTO `place` VALUES ('974', '010501', '0', '12', '1');
INSERT INTO `place` VALUES ('975', '010502', '0', '3', '1');
INSERT INTO `place` VALUES ('976', '010502', '0', '12', '1');
INSERT INTO `place` VALUES ('977', '010502', '0', '7', '1');
INSERT INTO `place` VALUES ('978', '010502', '0', '9', '1');
INSERT INTO `place` VALUES ('979', '010502', '0', '10', '1');
INSERT INTO `place` VALUES ('980', '010502', '0', '11', '1');
INSERT INTO `place` VALUES ('981', '010502', '0', '8', '1');
INSERT INTO `place` VALUES ('982', '010502', '0', '6', '1');
INSERT INTO `place` VALUES ('983', '010502', '0', '5', '1');
INSERT INTO `place` VALUES ('984', '010502', '0', '4', '1');
INSERT INTO `place` VALUES ('985', '010503', '0', '1', '1');
INSERT INTO `place` VALUES ('986', '010503', '0', '10', '1');
INSERT INTO `place` VALUES ('987', '010503', '0', '8', '1');
INSERT INTO `place` VALUES ('988', '010503', '0', '9', '1');
INSERT INTO `place` VALUES ('989', '010503', '0', '5', '1');
INSERT INTO `place` VALUES ('990', '010503', '0', '4', '1');
INSERT INTO `place` VALUES ('991', '010503', '0', '6', '1');
INSERT INTO `place` VALUES ('992', '010503', '0', '7', '1');
INSERT INTO `place` VALUES ('993', '010503', '0', '3', '1');
INSERT INTO `place` VALUES ('994', '010503', '0', '2', '1');
INSERT INTO `place` VALUES ('995', '010503', '0', '11', '1');
INSERT INTO `place` VALUES ('996', '010504', '0', '1', '1');
INSERT INTO `place` VALUES ('997', '010504', '0', '4', '1');
INSERT INTO `place` VALUES ('998', '010504', '0', '2', '1');
INSERT INTO `place` VALUES ('999', '010504', '0', '3', '1');
INSERT INTO `place` VALUES ('1000', '010504', '0', '5', '1');
INSERT INTO `place` VALUES ('1001', '010504', '0', '7', '1');
INSERT INTO `place` VALUES ('1002', '010503', '0', '12', '1');
INSERT INTO `place` VALUES ('1003', '010504', '0', '8', '1');
INSERT INTO `place` VALUES ('1004', '010504', '0', '6', '1');
INSERT INTO `place` VALUES ('1005', '010504', '0', '9', '1');
INSERT INTO `place` VALUES ('1006', '010504', '0', '10', '1');
INSERT INTO `place` VALUES ('1007', '010505', '0', '1', '1');
INSERT INTO `place` VALUES ('1008', '010505', '0', '3', '1');
INSERT INTO `place` VALUES ('1009', '010505', '0', '5', '1');
INSERT INTO `place` VALUES ('1010', '010505', '0', '2', '1');
INSERT INTO `place` VALUES ('1011', '010505', '0', '6', '1');
INSERT INTO `place` VALUES ('1012', '010505', '0', '4', '1');
INSERT INTO `place` VALUES ('1013', '010504', '0', '11', '1');
INSERT INTO `place` VALUES ('1014', '010504', '0', '12', '1');
INSERT INTO `place` VALUES ('1015', '010505', '0', '7', '1');
INSERT INTO `place` VALUES ('1016', '010505', '0', '8', '1');
INSERT INTO `place` VALUES ('1017', '010506', '0', '1', '1');
INSERT INTO `place` VALUES ('1018', '010505', '0', '10', '1');
INSERT INTO `place` VALUES ('1019', '010505', '0', '9', '1');
INSERT INTO `place` VALUES ('1020', '010505', '0', '12', '1');
INSERT INTO `place` VALUES ('1021', '010506', '0', '3', '1');
INSERT INTO `place` VALUES ('1022', '010506', '0', '4', '1');
INSERT INTO `place` VALUES ('1023', '010505', '0', '11', '1');
INSERT INTO `place` VALUES ('1024', '010506', '0', '2', '1');
INSERT INTO `place` VALUES ('1025', '010506', '0', '5', '1');
INSERT INTO `place` VALUES ('1026', '010507', '0', '1', '1');
INSERT INTO `place` VALUES ('1027', '010507', '0', '2', '1');
INSERT INTO `place` VALUES ('1028', '010506', '0', '6', '1');
INSERT INTO `place` VALUES ('1029', '010506', '0', '7', '1');
INSERT INTO `place` VALUES ('1030', '010506', '0', '8', '1');
INSERT INTO `place` VALUES ('1031', '010506', '0', '9', '1');
INSERT INTO `place` VALUES ('1032', '010506', '0', '10', '1');
INSERT INTO `place` VALUES ('1033', '010506', '0', '11', '1');
INSERT INTO `place` VALUES ('1034', '010506', '0', '12', '1');
INSERT INTO `place` VALUES ('1035', '010507', '0', '3', '1');
INSERT INTO `place` VALUES ('1036', '010507', '0', '4', '1');
INSERT INTO `place` VALUES ('1037', '010507', '0', '7', '1');
INSERT INTO `place` VALUES ('1038', '010507', '0', '8', '1');
INSERT INTO `place` VALUES ('1039', '010507', '0', '9', '1');
INSERT INTO `place` VALUES ('1040', '010507', '0', '5', '1');
INSERT INTO `place` VALUES ('1041', '010507', '0', '12', '1');
INSERT INTO `place` VALUES ('1042', '010507', '0', '11', '1');
INSERT INTO `place` VALUES ('1043', '010507', '0', '10', '1');
INSERT INTO `place` VALUES ('1044', '010507', '0', '6', '1');
INSERT INTO `place` VALUES ('1045', '010508', '0', '2', '1');
INSERT INTO `place` VALUES ('1046', '010508', '0', '1', '1');
INSERT INTO `place` VALUES ('1047', '010508', '0', '9', '1');
INSERT INTO `place` VALUES ('1048', '010508', '0', '7', '1');
INSERT INTO `place` VALUES ('1049', '010508', '0', '10', '1');
INSERT INTO `place` VALUES ('1050', '010508', '0', '6', '1');
INSERT INTO `place` VALUES ('1051', '010508', '0', '8', '1');
INSERT INTO `place` VALUES ('1052', '010508', '0', '5', '1');
INSERT INTO `place` VALUES ('1053', '010508', '0', '4', '1');
INSERT INTO `place` VALUES ('1054', '010508', '0', '3', '1');
INSERT INTO `place` VALUES ('1055', '010508', '0', '11', '1');
INSERT INTO `place` VALUES ('1056', '010508', '0', '12', '1');
INSERT INTO `place` VALUES ('1057', '010509', '0', '7', '1');
INSERT INTO `place` VALUES ('1058', '010509', '0', '1', '1');
INSERT INTO `place` VALUES ('1059', '010509', '0', '3', '1');
INSERT INTO `place` VALUES ('1060', '010509', '0', '4', '1');
INSERT INTO `place` VALUES ('1061', '010509', '0', '2', '1');
INSERT INTO `place` VALUES ('1062', '010509', '0', '5', '1');
INSERT INTO `place` VALUES ('1063', '010509', '0', '8', '1');
INSERT INTO `place` VALUES ('1064', '010509', '0', '6', '1');
INSERT INTO `place` VALUES ('1065', '010509', '0', '10', '1');
INSERT INTO `place` VALUES ('1066', '010509', '0', '9', '1');
INSERT INTO `place` VALUES ('1067', '010510', '0', '5', '1');
INSERT INTO `place` VALUES ('1068', '010510', '0', '6', '1');
INSERT INTO `place` VALUES ('1069', '010510', '0', '3', '1');
INSERT INTO `place` VALUES ('1070', '010510', '0', '4', '1');
INSERT INTO `place` VALUES ('1071', '010510', '0', '1', '1');
INSERT INTO `place` VALUES ('1072', '010510', '0', '2', '1');
INSERT INTO `place` VALUES ('1073', '010509', '0', '11', '1');
INSERT INTO `place` VALUES ('1074', '010509', '0', '12', '1');
INSERT INTO `place` VALUES ('1075', '010510', '0', '8', '1');
INSERT INTO `place` VALUES ('1076', '010510', '0', '7', '1');
INSERT INTO `place` VALUES ('1077', '010511', '0', '4', '1');
INSERT INTO `place` VALUES ('1078', '010510', '0', '9', '1');
INSERT INTO `place` VALUES ('1079', '010510', '0', '10', '1');
INSERT INTO `place` VALUES ('1080', '010510', '0', '12', '1');
INSERT INTO `place` VALUES ('1081', '010510', '0', '11', '1');
INSERT INTO `place` VALUES ('1082', '010511', '0', '3', '1');
INSERT INTO `place` VALUES ('1083', '010511', '0', '1', '1');
INSERT INTO `place` VALUES ('1084', '010511', '0', '2', '1');
INSERT INTO `place` VALUES ('1085', '010511', '0', '6', '1');
INSERT INTO `place` VALUES ('1086', '010511', '0', '5', '1');
INSERT INTO `place` VALUES ('1087', '010512', '0', '2', '1');
INSERT INTO `place` VALUES ('1088', '010511', '0', '8', '1');
INSERT INTO `place` VALUES ('1089', '010511', '0', '7', '1');
INSERT INTO `place` VALUES ('1090', '010511', '0', '10', '1');
INSERT INTO `place` VALUES ('1091', '010511', '0', '9', '1');
INSERT INTO `place` VALUES ('1092', '010512', '0', '1', '1');
INSERT INTO `place` VALUES ('1093', '010511', '0', '11', '1');
INSERT INTO `place` VALUES ('1094', '010511', '0', '12', '1');
INSERT INTO `place` VALUES ('1095', '010512', '0', '3', '1');
INSERT INTO `place` VALUES ('1096', '010512', '0', '4', '1');
INSERT INTO `place` VALUES ('1097', '010512', '0', '7', '1');
INSERT INTO `place` VALUES ('1098', '010512', '0', '11', '1');
INSERT INTO `place` VALUES ('1099', '010512', '0', '12', '1');
INSERT INTO `place` VALUES ('1100', '010512', '0', '9', '1');
INSERT INTO `place` VALUES ('1101', '010512', '0', '8', '1');
INSERT INTO `place` VALUES ('1102', '010512', '0', '10', '1');
INSERT INTO `place` VALUES ('1103', '010512', '0', '6', '1');
INSERT INTO `place` VALUES ('1104', '010512', '0', '5', '1');
INSERT INTO `place` VALUES ('1105', '010513', '0', '2', '1');
INSERT INTO `place` VALUES ('1106', '010513', '0', '1', '1');
INSERT INTO `place` VALUES ('1107', '010513', '0', '3', '1');
INSERT INTO `place` VALUES ('1108', '010513', '0', '4', '1');
INSERT INTO `place` VALUES ('1109', '010513', '0', '6', '1');
INSERT INTO `place` VALUES ('1110', '010513', '0', '7', '1');
INSERT INTO `place` VALUES ('1111', '010513', '0', '5', '1');
INSERT INTO `place` VALUES ('1112', '010513', '0', '9', '1');
INSERT INTO `place` VALUES ('1113', '010513', '0', '8', '1');
INSERT INTO `place` VALUES ('1114', '010513', '0', '10', '1');
INSERT INTO `place` VALUES ('1115', '010513', '0', '12', '1');
INSERT INTO `place` VALUES ('1116', '010513', '0', '11', '1');
INSERT INTO `place` VALUES ('1117', '010514', '0', '3', '1');
INSERT INTO `place` VALUES ('1118', '010514', '0', '8', '1');
INSERT INTO `place` VALUES ('1119', '010514', '0', '7', '1');
INSERT INTO `place` VALUES ('1120', '010514', '0', '6', '1');
INSERT INTO `place` VALUES ('1121', '010514', '0', '4', '1');
INSERT INTO `place` VALUES ('1122', '010514', '0', '5', '1');
INSERT INTO `place` VALUES ('1123', '010514', '0', '1', '1');
INSERT INTO `place` VALUES ('1124', '010514', '0', '2', '1');
INSERT INTO `place` VALUES ('1125', '010514', '0', '9', '1');
INSERT INTO `place` VALUES ('1126', '010514', '0', '10', '1');
INSERT INTO `place` VALUES ('1127', '010514', '0', '12', '1');
INSERT INTO `place` VALUES ('1128', '010515', '0', '2', '1');
INSERT INTO `place` VALUES ('1129', '010514', '0', '11', '1');
INSERT INTO `place` VALUES ('1130', '010515', '0', '5', '1');
INSERT INTO `place` VALUES ('1131', '010515', '0', '6', '1');
INSERT INTO `place` VALUES ('1132', '010515', '0', '3', '1');
INSERT INTO `place` VALUES ('1133', '010515', '0', '4', '1');
INSERT INTO `place` VALUES ('1134', '010515', '0', '1', '1');
INSERT INTO `place` VALUES ('1135', '010515', '0', '7', '1');
INSERT INTO `place` VALUES ('1136', '010515', '0', '8', '1');
INSERT INTO `place` VALUES ('1137', '010515', '0', '9', '1');
INSERT INTO `place` VALUES ('1138', '010515', '0', '12', '1');
INSERT INTO `place` VALUES ('1139', '010516', '0', '3', '1');
INSERT INTO `place` VALUES ('1140', '010515', '0', '10', '1');
INSERT INTO `place` VALUES ('1141', '010515', '0', '11', '1');
INSERT INTO `place` VALUES ('1142', '010516', '0', '1', '1');
INSERT INTO `place` VALUES ('1143', '010516', '0', '2', '1');
INSERT INTO `place` VALUES ('1144', '010516', '0', '4', '1');
INSERT INTO `place` VALUES ('1145', '010516', '0', '5', '1');
INSERT INTO `place` VALUES ('1146', '010516', '0', '6', '1');
INSERT INTO `place` VALUES ('1147', '010516', '0', '11', '1');
INSERT INTO `place` VALUES ('1148', '010516', '0', '9', '1');
INSERT INTO `place` VALUES ('1149', '010516', '0', '8', '1');
INSERT INTO `place` VALUES ('1150', '010516', '0', '12', '1');
INSERT INTO `place` VALUES ('1151', '010516', '0', '10', '1');
INSERT INTO `place` VALUES ('1152', '010516', '0', '7', '1');
INSERT INTO `place` VALUES ('1153', '010517', '0', '1', '1');
INSERT INTO `place` VALUES ('1154', '010517', '0', '2', '1');
INSERT INTO `place` VALUES ('1155', '010517', '0', '4', '1');
INSERT INTO `place` VALUES ('1156', '010517', '0', '3', '1');
INSERT INTO `place` VALUES ('1157', '010517', '0', '10', '1');
INSERT INTO `place` VALUES ('1158', '010517', '0', '5', '1');
INSERT INTO `place` VALUES ('1159', '010517', '0', '12', '1');
INSERT INTO `place` VALUES ('1160', '010517', '0', '8', '1');
INSERT INTO `place` VALUES ('1161', '010517', '0', '7', '1');
INSERT INTO `place` VALUES ('1162', '010517', '0', '9', '1');
INSERT INTO `place` VALUES ('1163', '010517', '0', '11', '1');
INSERT INTO `place` VALUES ('1164', '010517', '0', '6', '1');
INSERT INTO `place` VALUES ('1165', '010518', '0', '1', '1');
INSERT INTO `place` VALUES ('1166', '010518', '0', '2', '1');
INSERT INTO `place` VALUES ('1167', '010518', '0', '7', '1');
INSERT INTO `place` VALUES ('1168', '010518', '0', '4', '1');
INSERT INTO `place` VALUES ('1169', '010518', '0', '10', '1');
INSERT INTO `place` VALUES ('1170', '010518', '0', '9', '1');
INSERT INTO `place` VALUES ('1171', '010518', '0', '6', '1');
INSERT INTO `place` VALUES ('1172', '010518', '0', '3', '1');
INSERT INTO `place` VALUES ('1173', '010518', '0', '5', '1');
INSERT INTO `place` VALUES ('1174', '010518', '0', '8', '1');
INSERT INTO `place` VALUES ('1175', '010518', '0', '12', '1');
INSERT INTO `place` VALUES ('1176', '010518', '0', '11', '1');
INSERT INTO `place` VALUES ('1177', '010519', '0', '8', '1');
INSERT INTO `place` VALUES ('1178', '010519', '0', '5', '1');
INSERT INTO `place` VALUES ('1179', '010519', '0', '2', '1');
INSERT INTO `place` VALUES ('1180', '010519', '0', '4', '1');
INSERT INTO `place` VALUES ('1181', '010519', '0', '7', '1');
INSERT INTO `place` VALUES ('1182', '010519', '0', '6', '1');
INSERT INTO `place` VALUES ('1183', '010519', '0', '1', '1');
INSERT INTO `place` VALUES ('1184', '010519', '0', '3', '1');
INSERT INTO `place` VALUES ('1185', '010519', '0', '10', '1');
INSERT INTO `place` VALUES ('1186', '010519', '0', '9', '1');
INSERT INTO `place` VALUES ('1187', '010519', '0', '11', '1');
INSERT INTO `place` VALUES ('1188', '010520', '0', '5', '1');
INSERT INTO `place` VALUES ('1189', '010520', '0', '1', '1');
INSERT INTO `place` VALUES ('1190', '010520', '0', '2', '1');
INSERT INTO `place` VALUES ('1191', '010520', '0', '6', '1');
INSERT INTO `place` VALUES ('1192', '010520', '0', '4', '1');
INSERT INTO `place` VALUES ('1193', '010520', '0', '3', '1');
INSERT INTO `place` VALUES ('1194', '010519', '0', '12', '1');
INSERT INTO `place` VALUES ('1195', '010520', '0', '8', '1');
INSERT INTO `place` VALUES ('1196', '010520', '0', '7', '1');
INSERT INTO `place` VALUES ('1197', '010520', '0', '9', '1');
INSERT INTO `place` VALUES ('1198', '010520', '0', '10', '1');
INSERT INTO `place` VALUES ('1199', '010520', '0', '11', '1');
INSERT INTO `place` VALUES ('1200', '010520', '0', '12', '1');
INSERT INTO `place` VALUES ('1201', '020101', '0', '13', '2');
INSERT INTO `place` VALUES ('1202', '020101', '0', '14', '2');
INSERT INTO `place` VALUES ('1203', '020101', '0', '15', '2');
INSERT INTO `place` VALUES ('1204', '020101', '0', '16', '2');
INSERT INTO `place` VALUES ('1205', '020101', '0', '17', '2');
INSERT INTO `place` VALUES ('1206', '020101', '0', '18', '2');
INSERT INTO `place` VALUES ('1207', '020101', '0', '19', '2');
INSERT INTO `place` VALUES ('1208', '020101', '0', '21', '2');
INSERT INTO `place` VALUES ('1209', '020101', '0', '22', '2');
INSERT INTO `place` VALUES ('1210', '020101', '0', '20', '2');
INSERT INTO `place` VALUES ('1211', '020101', '0', '24', '2');
INSERT INTO `place` VALUES ('1212', '020102', '0', '14', '2');
INSERT INTO `place` VALUES ('1213', '020102', '0', '15', '2');
INSERT INTO `place` VALUES ('1214', '020102', '0', '18', '2');
INSERT INTO `place` VALUES ('1215', '020102', '0', '13', '2');
INSERT INTO `place` VALUES ('1216', '020102', '0', '17', '2');
INSERT INTO `place` VALUES ('1217', '020102', '0', '19', '2');
INSERT INTO `place` VALUES ('1218', '020101', '0', '23', '2');
INSERT INTO `place` VALUES ('1219', '020102', '0', '16', '2');
INSERT INTO `place` VALUES ('1220', '020102', '0', '20', '2');
INSERT INTO `place` VALUES ('1221', '020102', '0', '22', '2');
INSERT INTO `place` VALUES ('1222', '020103', '0', '16', '2');
INSERT INTO `place` VALUES ('1223', '020103', '0', '14', '2');
INSERT INTO `place` VALUES ('1224', '020103', '0', '13', '2');
INSERT INTO `place` VALUES ('1225', '020103', '0', '17', '2');
INSERT INTO `place` VALUES ('1226', '020103', '0', '15', '2');
INSERT INTO `place` VALUES ('1227', '020102', '0', '23', '2');
INSERT INTO `place` VALUES ('1228', '020102', '0', '24', '2');
INSERT INTO `place` VALUES ('1229', '020102', '0', '21', '2');
INSERT INTO `place` VALUES ('1230', '020103', '0', '18', '2');
INSERT INTO `place` VALUES ('1231', '020104', '0', '14', '2');
INSERT INTO `place` VALUES ('1232', '020104', '0', '15', '2');
INSERT INTO `place` VALUES ('1233', '020103', '0', '20', '2');
INSERT INTO `place` VALUES ('1234', '020103', '0', '21', '2');
INSERT INTO `place` VALUES ('1235', '020103', '0', '19', '2');
INSERT INTO `place` VALUES ('1236', '020103', '0', '24', '2');
INSERT INTO `place` VALUES ('1237', '020103', '0', '23', '2');
INSERT INTO `place` VALUES ('1238', '020104', '0', '13', '2');
INSERT INTO `place` VALUES ('1239', '020103', '0', '22', '2');
INSERT INTO `place` VALUES ('1240', '020104', '0', '16', '2');
INSERT INTO `place` VALUES ('1241', '020104', '0', '17', '2');
INSERT INTO `place` VALUES ('1242', '020104', '0', '24', '2');
INSERT INTO `place` VALUES ('1243', '020104', '0', '18', '2');
INSERT INTO `place` VALUES ('1244', '020104', '0', '19', '2');
INSERT INTO `place` VALUES ('1245', '020104', '0', '20', '2');
INSERT INTO `place` VALUES ('1246', '020104', '0', '21', '2');
INSERT INTO `place` VALUES ('1247', '020104', '0', '22', '2');
INSERT INTO `place` VALUES ('1248', '020104', '0', '23', '2');
INSERT INTO `place` VALUES ('1249', '020105', '0', '13', '2');
INSERT INTO `place` VALUES ('1250', '020105', '0', '14', '2');
INSERT INTO `place` VALUES ('1251', '020105', '0', '23', '2');
INSERT INTO `place` VALUES ('1252', '020105', '0', '15', '2');
INSERT INTO `place` VALUES ('1253', '020105', '0', '16', '2');
INSERT INTO `place` VALUES ('1254', '020105', '0', '17', '2');
INSERT INTO `place` VALUES ('1255', '020105', '0', '18', '2');
INSERT INTO `place` VALUES ('1256', '020105', '0', '20', '2');
INSERT INTO `place` VALUES ('1257', '020105', '0', '19', '2');
INSERT INTO `place` VALUES ('1258', '020105', '0', '21', '2');
INSERT INTO `place` VALUES ('1259', '020105', '0', '22', '2');
INSERT INTO `place` VALUES ('1260', '020105', '0', '24', '2');
INSERT INTO `place` VALUES ('1261', '020106', '0', '21', '2');
INSERT INTO `place` VALUES ('1262', '020106', '0', '14', '2');
INSERT INTO `place` VALUES ('1263', '020106', '0', '13', '2');
INSERT INTO `place` VALUES ('1264', '020106', '0', '15', '2');
INSERT INTO `place` VALUES ('1265', '020106', '0', '16', '2');
INSERT INTO `place` VALUES ('1266', '020106', '0', '18', '2');
INSERT INTO `place` VALUES ('1267', '020106', '0', '20', '2');
INSERT INTO `place` VALUES ('1268', '020106', '0', '19', '2');
INSERT INTO `place` VALUES ('1269', '020106', '0', '17', '2');
INSERT INTO `place` VALUES ('1270', '020106', '0', '22', '2');
INSERT INTO `place` VALUES ('1271', '020107', '0', '18', '2');
INSERT INTO `place` VALUES ('1272', '020106', '0', '24', '2');
INSERT INTO `place` VALUES ('1273', '020106', '0', '23', '2');
INSERT INTO `place` VALUES ('1274', '020107', '0', '13', '2');
INSERT INTO `place` VALUES ('1275', '020107', '0', '14', '2');
INSERT INTO `place` VALUES ('1276', '020107', '0', '16', '2');
INSERT INTO `place` VALUES ('1277', '020107', '0', '17', '2');
INSERT INTO `place` VALUES ('1278', '020107', '0', '15', '2');
INSERT INTO `place` VALUES ('1279', '020107', '0', '19', '2');
INSERT INTO `place` VALUES ('1280', '020107', '0', '20', '2');
INSERT INTO `place` VALUES ('1281', '020107', '0', '24', '2');
INSERT INTO `place` VALUES ('1282', '020107', '0', '22', '2');
INSERT INTO `place` VALUES ('1283', '020107', '0', '21', '2');
INSERT INTO `place` VALUES ('1284', '020107', '0', '23', '2');
INSERT INTO `place` VALUES ('1285', '020108', '0', '15', '2');
INSERT INTO `place` VALUES ('1286', '020108', '0', '16', '2');
INSERT INTO `place` VALUES ('1287', '020108', '0', '13', '2');
INSERT INTO `place` VALUES ('1288', '020108', '0', '17', '2');
INSERT INTO `place` VALUES ('1289', '020108', '0', '14', '2');
INSERT INTO `place` VALUES ('1290', '020108', '0', '18', '2');
INSERT INTO `place` VALUES ('1291', '020109', '0', '13', '2');
INSERT INTO `place` VALUES ('1292', '020108', '0', '20', '2');
INSERT INTO `place` VALUES ('1293', '020108', '0', '19', '2');
INSERT INTO `place` VALUES ('1294', '020108', '0', '22', '2');
INSERT INTO `place` VALUES ('1295', '020108', '0', '21', '2');
INSERT INTO `place` VALUES ('1296', '020108', '0', '23', '2');
INSERT INTO `place` VALUES ('1297', '020108', '0', '24', '2');
INSERT INTO `place` VALUES ('1298', '020109', '0', '15', '2');
INSERT INTO `place` VALUES ('1299', '020109', '0', '14', '2');
INSERT INTO `place` VALUES ('1300', '020109', '0', '16', '2');
INSERT INTO `place` VALUES ('1301', '020109', '0', '22', '2');
INSERT INTO `place` VALUES ('1302', '020109', '0', '18', '2');
INSERT INTO `place` VALUES ('1303', '020109', '0', '21', '2');
INSERT INTO `place` VALUES ('1304', '020109', '0', '19', '2');
INSERT INTO `place` VALUES ('1305', '020109', '0', '20', '2');
INSERT INTO `place` VALUES ('1306', '020109', '0', '24', '2');
INSERT INTO `place` VALUES ('1307', '020110', '0', '13', '2');
INSERT INTO `place` VALUES ('1308', '020109', '0', '23', '2');
INSERT INTO `place` VALUES ('1309', '020109', '0', '17', '2');
INSERT INTO `place` VALUES ('1310', '020110', '0', '14', '2');
INSERT INTO `place` VALUES ('1311', '020110', '0', '15', '2');
INSERT INTO `place` VALUES ('1312', '020110', '0', '22', '2');
INSERT INTO `place` VALUES ('1313', '020110', '0', '21', '2');
INSERT INTO `place` VALUES ('1314', '020110', '0', '23', '2');
INSERT INTO `place` VALUES ('1315', '020110', '0', '20', '2');
INSERT INTO `place` VALUES ('1316', '020110', '0', '18', '2');
INSERT INTO `place` VALUES ('1317', '020110', '0', '16', '2');
INSERT INTO `place` VALUES ('1318', '020110', '0', '17', '2');
INSERT INTO `place` VALUES ('1319', '020110', '0', '19', '2');
INSERT INTO `place` VALUES ('1320', '020110', '0', '24', '2');
INSERT INTO `place` VALUES ('1321', '020111', '0', '21', '2');
INSERT INTO `place` VALUES ('1322', '020111', '0', '14', '2');
INSERT INTO `place` VALUES ('1323', '020111', '0', '13', '2');
INSERT INTO `place` VALUES ('1324', '020111', '0', '16', '2');
INSERT INTO `place` VALUES ('1325', '020111', '0', '15', '2');
INSERT INTO `place` VALUES ('1326', '020111', '0', '18', '2');
INSERT INTO `place` VALUES ('1327', '020111', '0', '17', '2');
INSERT INTO `place` VALUES ('1328', '020111', '0', '19', '2');
INSERT INTO `place` VALUES ('1329', '020111', '0', '20', '2');
INSERT INTO `place` VALUES ('1330', '020111', '0', '22', '2');
INSERT INTO `place` VALUES ('1331', '020112', '0', '13', '2');
INSERT INTO `place` VALUES ('1332', '020112', '0', '18', '2');
INSERT INTO `place` VALUES ('1333', '020112', '0', '19', '2');
INSERT INTO `place` VALUES ('1334', '020112', '0', '14', '2');
INSERT INTO `place` VALUES ('1335', '020112', '0', '16', '2');
INSERT INTO `place` VALUES ('1336', '020112', '0', '15', '2');
INSERT INTO `place` VALUES ('1337', '020111', '0', '23', '2');
INSERT INTO `place` VALUES ('1338', '020111', '0', '24', '2');
INSERT INTO `place` VALUES ('1339', '020112', '0', '17', '2');
INSERT INTO `place` VALUES ('1340', '020112', '0', '20', '2');
INSERT INTO `place` VALUES ('1341', '020113', '0', '16', '2');
INSERT INTO `place` VALUES ('1342', '020113', '0', '15', '2');
INSERT INTO `place` VALUES ('1343', '020112', '0', '21', '2');
INSERT INTO `place` VALUES ('1344', '020113', '0', '14', '2');
INSERT INTO `place` VALUES ('1345', '020113', '0', '17', '2');
INSERT INTO `place` VALUES ('1346', '020112', '0', '22', '2');
INSERT INTO `place` VALUES ('1347', '020112', '0', '23', '2');
INSERT INTO `place` VALUES ('1348', '020113', '0', '13', '2');
INSERT INTO `place` VALUES ('1349', '020112', '0', '24', '2');
INSERT INTO `place` VALUES ('1350', '020113', '0', '18', '2');
INSERT INTO `place` VALUES ('1351', '020114', '0', '14', '2');
INSERT INTO `place` VALUES ('1352', '020113', '0', '21', '2');
INSERT INTO `place` VALUES ('1353', '020114', '0', '13', '2');
INSERT INTO `place` VALUES ('1354', '020114', '0', '15', '2');
INSERT INTO `place` VALUES ('1355', '020113', '0', '23', '2');
INSERT INTO `place` VALUES ('1356', '020113', '0', '24', '2');
INSERT INTO `place` VALUES ('1357', '020113', '0', '22', '2');
INSERT INTO `place` VALUES ('1358', '020113', '0', '20', '2');
INSERT INTO `place` VALUES ('1359', '020113', '0', '19', '2');
INSERT INTO `place` VALUES ('1360', '020114', '0', '16', '2');
INSERT INTO `place` VALUES ('1361', '020114', '0', '24', '2');
INSERT INTO `place` VALUES ('1362', '020114', '0', '18', '2');
INSERT INTO `place` VALUES ('1363', '020114', '0', '19', '2');
INSERT INTO `place` VALUES ('1364', '020114', '0', '17', '2');
INSERT INTO `place` VALUES ('1365', '020114', '0', '21', '2');
INSERT INTO `place` VALUES ('1366', '020114', '0', '22', '2');
INSERT INTO `place` VALUES ('1367', '020114', '0', '23', '2');
INSERT INTO `place` VALUES ('1368', '020115', '0', '13', '2');
INSERT INTO `place` VALUES ('1369', '020114', '0', '20', '2');
INSERT INTO `place` VALUES ('1370', '020115', '0', '14', '2');
INSERT INTO `place` VALUES ('1371', '020115', '0', '21', '2');
INSERT INTO `place` VALUES ('1372', '020115', '0', '15', '2');
INSERT INTO `place` VALUES ('1373', '020115', '0', '23', '2');
INSERT INTO `place` VALUES ('1374', '020115', '0', '20', '2');
INSERT INTO `place` VALUES ('1375', '020115', '0', '22', '2');
INSERT INTO `place` VALUES ('1376', '020115', '0', '18', '2');
INSERT INTO `place` VALUES ('1377', '020115', '0', '19', '2');
INSERT INTO `place` VALUES ('1378', '020115', '0', '17', '2');
INSERT INTO `place` VALUES ('1379', '020115', '0', '16', '2');
INSERT INTO `place` VALUES ('1380', '020115', '0', '24', '2');
INSERT INTO `place` VALUES ('1381', '020116', '0', '21', '2');
INSERT INTO `place` VALUES ('1382', '020116', '0', '13', '2');
INSERT INTO `place` VALUES ('1383', '020116', '0', '14', '2');
INSERT INTO `place` VALUES ('1384', '020116', '0', '19', '2');
INSERT INTO `place` VALUES ('1385', '020116', '0', '20', '2');
INSERT INTO `place` VALUES ('1386', '020116', '0', '16', '2');
INSERT INTO `place` VALUES ('1387', '020116', '0', '18', '2');
INSERT INTO `place` VALUES ('1388', '020116', '0', '17', '2');
INSERT INTO `place` VALUES ('1389', '020116', '0', '15', '2');
INSERT INTO `place` VALUES ('1390', '020116', '0', '22', '2');
INSERT INTO `place` VALUES ('1391', '020117', '0', '19', '2');
INSERT INTO `place` VALUES ('1392', '020116', '0', '24', '2');
INSERT INTO `place` VALUES ('1393', '020117', '0', '13', '2');
INSERT INTO `place` VALUES ('1394', '020117', '0', '16', '2');
INSERT INTO `place` VALUES ('1395', '020117', '0', '14', '2');
INSERT INTO `place` VALUES ('1396', '020116', '0', '23', '2');
INSERT INTO `place` VALUES ('1397', '020117', '0', '15', '2');
INSERT INTO `place` VALUES ('1398', '020117', '0', '18', '2');
INSERT INTO `place` VALUES ('1399', '020117', '0', '17', '2');
INSERT INTO `place` VALUES ('1400', '020117', '0', '20', '2');
INSERT INTO `place` VALUES ('1401', '020117', '0', '22', '2');
INSERT INTO `place` VALUES ('1402', '020117', '0', '23', '2');
INSERT INTO `place` VALUES ('1403', '020117', '0', '24', '2');
INSERT INTO `place` VALUES ('1404', '020118', '0', '13', '2');
INSERT INTO `place` VALUES ('1405', '020118', '0', '14', '2');
INSERT INTO `place` VALUES ('1406', '020118', '0', '16', '2');
INSERT INTO `place` VALUES ('1407', '020118', '0', '15', '2');
INSERT INTO `place` VALUES ('1408', '020118', '0', '17', '2');
INSERT INTO `place` VALUES ('1409', '020117', '0', '21', '2');
INSERT INTO `place` VALUES ('1410', '020118', '0', '18', '2');
INSERT INTO `place` VALUES ('1411', '020119', '0', '14', '2');
INSERT INTO `place` VALUES ('1412', '020119', '0', '15', '2');
INSERT INTO `place` VALUES ('1413', '020118', '0', '20', '2');
INSERT INTO `place` VALUES ('1414', '020119', '0', '13', '2');
INSERT INTO `place` VALUES ('1415', '020118', '0', '19', '2');
INSERT INTO `place` VALUES ('1416', '020118', '0', '24', '2');
INSERT INTO `place` VALUES ('1417', '020118', '0', '22', '2');
INSERT INTO `place` VALUES ('1418', '020118', '0', '23', '2');
INSERT INTO `place` VALUES ('1419', '020118', '0', '21', '2');
INSERT INTO `place` VALUES ('1420', '020119', '0', '16', '2');
INSERT INTO `place` VALUES ('1421', '020119', '0', '20', '2');
INSERT INTO `place` VALUES ('1422', '020119', '0', '18', '2');
INSERT INTO `place` VALUES ('1423', '020119', '0', '19', '2');
INSERT INTO `place` VALUES ('1424', '020119', '0', '21', '2');
INSERT INTO `place` VALUES ('1425', '020119', '0', '22', '2');
INSERT INTO `place` VALUES ('1426', '020119', '0', '24', '2');
INSERT INTO `place` VALUES ('1427', '020119', '0', '23', '2');
INSERT INTO `place` VALUES ('1428', '020119', '0', '17', '2');
INSERT INTO `place` VALUES ('1429', '020120', '0', '13', '2');
INSERT INTO `place` VALUES ('1430', '020120', '0', '14', '2');
INSERT INTO `place` VALUES ('1431', '020120', '0', '21', '2');
INSERT INTO `place` VALUES ('1432', '020120', '0', '16', '2');
INSERT INTO `place` VALUES ('1433', '020120', '0', '15', '2');
INSERT INTO `place` VALUES ('1434', '020120', '0', '22', '2');
INSERT INTO `place` VALUES ('1435', '020120', '0', '23', '2');
INSERT INTO `place` VALUES ('1436', '020120', '0', '20', '2');
INSERT INTO `place` VALUES ('1437', '020120', '0', '18', '2');
INSERT INTO `place` VALUES ('1438', '020120', '0', '17', '2');
INSERT INTO `place` VALUES ('1439', '020120', '0', '19', '2');
INSERT INTO `place` VALUES ('1440', '020120', '0', '24', '2');
INSERT INTO `place` VALUES ('1441', '020201', '0', '13', '2');
INSERT INTO `place` VALUES ('1442', '020201', '0', '19', '2');
INSERT INTO `place` VALUES ('1443', '020201', '0', '14', '2');
INSERT INTO `place` VALUES ('1444', '020201', '0', '15', '2');
INSERT INTO `place` VALUES ('1445', '020201', '0', '17', '2');
INSERT INTO `place` VALUES ('1446', '020201', '0', '18', '2');
INSERT INTO `place` VALUES ('1447', '020201', '0', '21', '2');
INSERT INTO `place` VALUES ('1448', '020201', '0', '16', '2');
INSERT INTO `place` VALUES ('1449', '020201', '0', '20', '2');
INSERT INTO `place` VALUES ('1450', '020201', '0', '22', '2');
INSERT INTO `place` VALUES ('1451', '020201', '0', '23', '2');
INSERT INTO `place` VALUES ('1452', '020202', '0', '19', '2');
INSERT INTO `place` VALUES ('1453', '020202', '0', '13', '2');
INSERT INTO `place` VALUES ('1454', '020202', '0', '17', '2');
INSERT INTO `place` VALUES ('1455', '020202', '0', '18', '2');
INSERT INTO `place` VALUES ('1456', '020201', '0', '24', '2');
INSERT INTO `place` VALUES ('1457', '020202', '0', '15', '2');
INSERT INTO `place` VALUES ('1458', '020202', '0', '14', '2');
INSERT INTO `place` VALUES ('1459', '020202', '0', '16', '2');
INSERT INTO `place` VALUES ('1460', '020202', '0', '20', '2');
INSERT INTO `place` VALUES ('1461', '020202', '0', '24', '2');
INSERT INTO `place` VALUES ('1462', '020203', '0', '16', '2');
INSERT INTO `place` VALUES ('1463', '020202', '0', '21', '2');
INSERT INTO `place` VALUES ('1464', '020203', '0', '13', '2');
INSERT INTO `place` VALUES ('1465', '020203', '0', '14', '2');
INSERT INTO `place` VALUES ('1466', '020203', '0', '15', '2');
INSERT INTO `place` VALUES ('1467', '020203', '0', '17', '2');
INSERT INTO `place` VALUES ('1468', '020202', '0', '22', '2');
INSERT INTO `place` VALUES ('1469', '020202', '0', '23', '2');
INSERT INTO `place` VALUES ('1470', '020203', '0', '18', '2');
INSERT INTO `place` VALUES ('1471', '020203', '0', '23', '2');
INSERT INTO `place` VALUES ('1472', '020203', '0', '22', '2');
INSERT INTO `place` VALUES ('1473', '020203', '0', '20', '2');
INSERT INTO `place` VALUES ('1474', '020204', '0', '15', '2');
INSERT INTO `place` VALUES ('1475', '020203', '0', '24', '2');
INSERT INTO `place` VALUES ('1476', '020203', '0', '21', '2');
INSERT INTO `place` VALUES ('1477', '020203', '0', '19', '2');
INSERT INTO `place` VALUES ('1478', '020204', '0', '13', '2');
INSERT INTO `place` VALUES ('1479', '020204', '0', '14', '2');
INSERT INTO `place` VALUES ('1480', '020204', '0', '16', '2');
INSERT INTO `place` VALUES ('1481', '020204', '0', '17', '2');
INSERT INTO `place` VALUES ('1482', '020204', '0', '24', '2');
INSERT INTO `place` VALUES ('1483', '020204', '0', '18', '2');
INSERT INTO `place` VALUES ('1484', '020205', '0', '13', '2');
INSERT INTO `place` VALUES ('1485', '020204', '0', '21', '2');
INSERT INTO `place` VALUES ('1486', '020204', '0', '23', '2');
INSERT INTO `place` VALUES ('1487', '020204', '0', '20', '2');
INSERT INTO `place` VALUES ('1488', '020204', '0', '22', '2');
INSERT INTO `place` VALUES ('1489', '020204', '0', '19', '2');
INSERT INTO `place` VALUES ('1490', '020205', '0', '14', '2');
INSERT INTO `place` VALUES ('1491', '020205', '0', '23', '2');
INSERT INTO `place` VALUES ('1492', '020205', '0', '16', '2');
INSERT INTO `place` VALUES ('1493', '020205', '0', '15', '2');
INSERT INTO `place` VALUES ('1494', '020205', '0', '18', '2');
INSERT INTO `place` VALUES ('1495', '020205', '0', '17', '2');
INSERT INTO `place` VALUES ('1496', '020205', '0', '19', '2');
INSERT INTO `place` VALUES ('1497', '020205', '0', '20', '2');
INSERT INTO `place` VALUES ('1498', '020205', '0', '21', '2');
INSERT INTO `place` VALUES ('1499', '020205', '0', '22', '2');
INSERT INTO `place` VALUES ('1500', '020205', '0', '24', '2');
INSERT INTO `place` VALUES ('1501', '020206', '0', '17', '2');
INSERT INTO `place` VALUES ('1502', '020206', '0', '13', '2');
INSERT INTO `place` VALUES ('1503', '020206', '0', '15', '2');
INSERT INTO `place` VALUES ('1504', '020206', '0', '16', '2');
INSERT INTO `place` VALUES ('1505', '020206', '0', '21', '2');
INSERT INTO `place` VALUES ('1506', '020206', '0', '14', '2');
INSERT INTO `place` VALUES ('1507', '020206', '0', '20', '2');
INSERT INTO `place` VALUES ('1508', '020206', '0', '19', '2');
INSERT INTO `place` VALUES ('1509', '020206', '0', '18', '2');
INSERT INTO `place` VALUES ('1510', '020206', '0', '22', '2');
INSERT INTO `place` VALUES ('1511', '020207', '0', '13', '2');
INSERT INTO `place` VALUES ('1512', '020206', '0', '23', '2');
INSERT INTO `place` VALUES ('1513', '020206', '0', '24', '2');
INSERT INTO `place` VALUES ('1514', '020207', '0', '17', '2');
INSERT INTO `place` VALUES ('1515', '020207', '0', '14', '2');
INSERT INTO `place` VALUES ('1516', '020207', '0', '15', '2');
INSERT INTO `place` VALUES ('1517', '020207', '0', '16', '2');
INSERT INTO `place` VALUES ('1518', '020207', '0', '19', '2');
INSERT INTO `place` VALUES ('1519', '020207', '0', '18', '2');
INSERT INTO `place` VALUES ('1520', '020207', '0', '20', '2');
INSERT INTO `place` VALUES ('1521', '020208', '0', '16', '2');
INSERT INTO `place` VALUES ('1522', '020207', '0', '21', '2');
INSERT INTO `place` VALUES ('1523', '020208', '0', '17', '2');
INSERT INTO `place` VALUES ('1524', '020208', '0', '15', '2');
INSERT INTO `place` VALUES ('1525', '020208', '0', '14', '2');
INSERT INTO `place` VALUES ('1526', '020208', '0', '13', '2');
INSERT INTO `place` VALUES ('1527', '020207', '0', '24', '2');
INSERT INTO `place` VALUES ('1528', '020207', '0', '23', '2');
INSERT INTO `place` VALUES ('1529', '020207', '0', '22', '2');
INSERT INTO `place` VALUES ('1530', '020208', '0', '18', '2');
INSERT INTO `place` VALUES ('1531', '020209', '0', '15', '2');
INSERT INTO `place` VALUES ('1532', '020208', '0', '19', '2');
INSERT INTO `place` VALUES ('1533', '020208', '0', '20', '2');
INSERT INTO `place` VALUES ('1534', '020208', '0', '21', '2');
INSERT INTO `place` VALUES ('1535', '020208', '0', '23', '2');
INSERT INTO `place` VALUES ('1536', '020208', '0', '22', '2');
INSERT INTO `place` VALUES ('1537', '020208', '0', '24', '2');
INSERT INTO `place` VALUES ('1538', '020209', '0', '13', '2');
INSERT INTO `place` VALUES ('1539', '020209', '0', '14', '2');
INSERT INTO `place` VALUES ('1540', '020209', '0', '16', '2');
INSERT INTO `place` VALUES ('1541', '020209', '0', '18', '2');
INSERT INTO `place` VALUES ('1542', '020209', '0', '22', '2');
INSERT INTO `place` VALUES ('1543', '020209', '0', '24', '2');
INSERT INTO `place` VALUES ('1544', '020209', '0', '23', '2');
INSERT INTO `place` VALUES ('1545', '020209', '0', '21', '2');
INSERT INTO `place` VALUES ('1546', '020209', '0', '17', '2');
INSERT INTO `place` VALUES ('1547', '020209', '0', '20', '2');
INSERT INTO `place` VALUES ('1548', '020210', '0', '13', '2');
INSERT INTO `place` VALUES ('1549', '020209', '0', '19', '2');
INSERT INTO `place` VALUES ('1550', '020210', '0', '14', '2');
INSERT INTO `place` VALUES ('1551', '020210', '0', '16', '2');
INSERT INTO `place` VALUES ('1552', '020210', '0', '20', '2');
INSERT INTO `place` VALUES ('1553', '020210', '0', '18', '2');
INSERT INTO `place` VALUES ('1554', '020210', '0', '19', '2');
INSERT INTO `place` VALUES ('1555', '020210', '0', '15', '2');
INSERT INTO `place` VALUES ('1556', '020210', '0', '23', '2');
INSERT INTO `place` VALUES ('1557', '020210', '0', '17', '2');
INSERT INTO `place` VALUES ('1558', '020210', '0', '21', '2');
INSERT INTO `place` VALUES ('1559', '020210', '0', '22', '2');
INSERT INTO `place` VALUES ('1560', '020210', '0', '24', '2');
INSERT INTO `place` VALUES ('1561', '020211', '0', '21', '2');
INSERT INTO `place` VALUES ('1562', '020211', '0', '14', '2');
INSERT INTO `place` VALUES ('1563', '020211', '0', '13', '2');
INSERT INTO `place` VALUES ('1564', '020211', '0', '16', '2');
INSERT INTO `place` VALUES ('1565', '020211', '0', '15', '2');
INSERT INTO `place` VALUES ('1566', '020211', '0', '18', '2');
INSERT INTO `place` VALUES ('1567', '020211', '0', '17', '2');
INSERT INTO `place` VALUES ('1568', '020211', '0', '19', '2');
INSERT INTO `place` VALUES ('1569', '020211', '0', '20', '2');
INSERT INTO `place` VALUES ('1570', '020211', '0', '22', '2');
INSERT INTO `place` VALUES ('1571', '020212', '0', '18', '2');
INSERT INTO `place` VALUES ('1572', '020212', '0', '19', '2');
INSERT INTO `place` VALUES ('1573', '020212', '0', '14', '2');
INSERT INTO `place` VALUES ('1574', '020212', '0', '15', '2');
INSERT INTO `place` VALUES ('1575', '020211', '0', '24', '2');
INSERT INTO `place` VALUES ('1576', '020212', '0', '13', '2');
INSERT INTO `place` VALUES ('1577', '020212', '0', '17', '2');
INSERT INTO `place` VALUES ('1578', '020212', '0', '16', '2');
INSERT INTO `place` VALUES ('1579', '020211', '0', '23', '2');
INSERT INTO `place` VALUES ('1580', '020212', '0', '20', '2');
INSERT INTO `place` VALUES ('1581', '020212', '0', '21', '2');
INSERT INTO `place` VALUES ('1582', '020212', '0', '22', '2');
INSERT INTO `place` VALUES ('1583', '020213', '0', '17', '2');
INSERT INTO `place` VALUES ('1584', '020212', '0', '23', '2');
INSERT INTO `place` VALUES ('1585', '020212', '0', '24', '2');
INSERT INTO `place` VALUES ('1586', '020213', '0', '15', '2');
INSERT INTO `place` VALUES ('1587', '020213', '0', '13', '2');
INSERT INTO `place` VALUES ('1588', '020213', '0', '14', '2');
INSERT INTO `place` VALUES ('1589', '020213', '0', '16', '2');
INSERT INTO `place` VALUES ('1590', '020213', '0', '18', '2');
INSERT INTO `place` VALUES ('1591', '020213', '0', '20', '2');
INSERT INTO `place` VALUES ('1592', '020213', '0', '22', '2');
INSERT INTO `place` VALUES ('1593', '020213', '0', '21', '2');
INSERT INTO `place` VALUES ('1594', '020213', '0', '23', '2');
INSERT INTO `place` VALUES ('1595', '020213', '0', '24', '2');
INSERT INTO `place` VALUES ('1596', '020214', '0', '14', '2');
INSERT INTO `place` VALUES ('1597', '020214', '0', '13', '2');
INSERT INTO `place` VALUES ('1598', '020214', '0', '15', '2');
INSERT INTO `place` VALUES ('1599', '020213', '0', '19', '2');
INSERT INTO `place` VALUES ('1600', '020214', '0', '16', '2');
INSERT INTO `place` VALUES ('1601', '020214', '0', '19', '2');
INSERT INTO `place` VALUES ('1602', '020214', '0', '21', '2');
INSERT INTO `place` VALUES ('1603', '020214', '0', '22', '2');
INSERT INTO `place` VALUES ('1604', '020214', '0', '17', '2');
INSERT INTO `place` VALUES ('1605', '020214', '0', '18', '2');
INSERT INTO `place` VALUES ('1606', '020215', '0', '13', '2');
INSERT INTO `place` VALUES ('1607', '020214', '0', '23', '2');
INSERT INTO `place` VALUES ('1608', '020214', '0', '20', '2');
INSERT INTO `place` VALUES ('1609', '020214', '0', '24', '2');
INSERT INTO `place` VALUES ('1610', '020215', '0', '14', '2');
INSERT INTO `place` VALUES ('1611', '020215', '0', '15', '2');
INSERT INTO `place` VALUES ('1612', '020215', '0', '17', '2');
INSERT INTO `place` VALUES ('1613', '020215', '0', '23', '2');
INSERT INTO `place` VALUES ('1614', '020215', '0', '22', '2');
INSERT INTO `place` VALUES ('1615', '020215', '0', '20', '2');
INSERT INTO `place` VALUES ('1616', '020215', '0', '18', '2');
INSERT INTO `place` VALUES ('1617', '020215', '0', '19', '2');
INSERT INTO `place` VALUES ('1618', '020215', '0', '21', '2');
INSERT INTO `place` VALUES ('1619', '020215', '0', '16', '2');
INSERT INTO `place` VALUES ('1620', '020215', '0', '24', '2');
INSERT INTO `place` VALUES ('1621', '020216', '0', '14', '2');
INSERT INTO `place` VALUES ('1622', '020216', '0', '16', '2');
INSERT INTO `place` VALUES ('1623', '020216', '0', '21', '2');
INSERT INTO `place` VALUES ('1624', '020216', '0', '15', '2');
INSERT INTO `place` VALUES ('1625', '020216', '0', '19', '2');
INSERT INTO `place` VALUES ('1626', '020216', '0', '17', '2');
INSERT INTO `place` VALUES ('1627', '020216', '0', '18', '2');
INSERT INTO `place` VALUES ('1628', '020216', '0', '20', '2');
INSERT INTO `place` VALUES ('1629', '020216', '0', '13', '2');
INSERT INTO `place` VALUES ('1630', '020216', '0', '22', '2');
INSERT INTO `place` VALUES ('1631', '020216', '0', '23', '2');
INSERT INTO `place` VALUES ('1632', '020217', '0', '13', '2');
INSERT INTO `place` VALUES ('1633', '020216', '0', '24', '2');
INSERT INTO `place` VALUES ('1634', '020217', '0', '15', '2');
INSERT INTO `place` VALUES ('1635', '020217', '0', '14', '2');
INSERT INTO `place` VALUES ('1636', '020217', '0', '18', '2');
INSERT INTO `place` VALUES ('1637', '020217', '0', '16', '2');
INSERT INTO `place` VALUES ('1638', '020217', '0', '17', '2');
INSERT INTO `place` VALUES ('1639', '020217', '0', '19', '2');
INSERT INTO `place` VALUES ('1640', '020217', '0', '20', '2');
INSERT INTO `place` VALUES ('1641', '020217', '0', '22', '2');
INSERT INTO `place` VALUES ('1642', '020217', '0', '21', '2');
INSERT INTO `place` VALUES ('1643', '020218', '0', '14', '2');
INSERT INTO `place` VALUES ('1644', '020218', '0', '16', '2');
INSERT INTO `place` VALUES ('1645', '020217', '0', '23', '2');
INSERT INTO `place` VALUES ('1646', '020218', '0', '15', '2');
INSERT INTO `place` VALUES ('1647', '020217', '0', '24', '2');
INSERT INTO `place` VALUES ('1648', '020218', '0', '17', '2');
INSERT INTO `place` VALUES ('1649', '020218', '0', '13', '2');
INSERT INTO `place` VALUES ('1650', '020218', '0', '18', '2');
INSERT INTO `place` VALUES ('1651', '020219', '0', '15', '2');
INSERT INTO `place` VALUES ('1652', '020218', '0', '19', '2');
INSERT INTO `place` VALUES ('1653', '020218', '0', '20', '2');
INSERT INTO `place` VALUES ('1654', '020218', '0', '22', '2');
INSERT INTO `place` VALUES ('1655', '020219', '0', '14', '2');
INSERT INTO `place` VALUES ('1656', '020218', '0', '23', '2');
INSERT INTO `place` VALUES ('1657', '020218', '0', '21', '2');
INSERT INTO `place` VALUES ('1658', '020219', '0', '13', '2');
INSERT INTO `place` VALUES ('1659', '020218', '0', '24', '2');
INSERT INTO `place` VALUES ('1660', '020219', '0', '16', '2');
INSERT INTO `place` VALUES ('1661', '020220', '0', '13', '2');
INSERT INTO `place` VALUES ('1662', '020219', '0', '24', '2');
INSERT INTO `place` VALUES ('1663', '020219', '0', '23', '2');
INSERT INTO `place` VALUES ('1664', '020219', '0', '17', '2');
INSERT INTO `place` VALUES ('1665', '020219', '0', '19', '2');
INSERT INTO `place` VALUES ('1666', '020219', '0', '21', '2');
INSERT INTO `place` VALUES ('1667', '020219', '0', '20', '2');
INSERT INTO `place` VALUES ('1668', '020219', '0', '22', '2');
INSERT INTO `place` VALUES ('1669', '020219', '0', '18', '2');
INSERT INTO `place` VALUES ('1670', '020220', '0', '14', '2');
INSERT INTO `place` VALUES ('1671', '020220', '0', '21', '2');
INSERT INTO `place` VALUES ('1672', '020220', '0', '23', '2');
INSERT INTO `place` VALUES ('1673', '020220', '0', '22', '2');
INSERT INTO `place` VALUES ('1674', '020220', '0', '15', '2');
INSERT INTO `place` VALUES ('1675', '020220', '0', '16', '2');
INSERT INTO `place` VALUES ('1676', '020220', '0', '19', '2');
INSERT INTO `place` VALUES ('1677', '020220', '0', '17', '2');
INSERT INTO `place` VALUES ('1678', '020220', '0', '20', '2');
INSERT INTO `place` VALUES ('1679', '020220', '0', '18', '2');
INSERT INTO `place` VALUES ('1680', '020220', '0', '24', '2');
INSERT INTO `place` VALUES ('1681', '020301', '0', '21', '2');
INSERT INTO `place` VALUES ('1682', '020301', '0', '13', '2');
INSERT INTO `place` VALUES ('1683', '020301', '0', '20', '2');
INSERT INTO `place` VALUES ('1684', '020301', '0', '18', '2');
INSERT INTO `place` VALUES ('1685', '020301', '0', '19', '2');
INSERT INTO `place` VALUES ('1686', '020301', '0', '17', '2');
INSERT INTO `place` VALUES ('1687', '020301', '0', '16', '2');
INSERT INTO `place` VALUES ('1688', '020301', '0', '15', '2');
INSERT INTO `place` VALUES ('1689', '020301', '0', '14', '2');
INSERT INTO `place` VALUES ('1690', '020301', '0', '22', '2');
INSERT INTO `place` VALUES ('1691', '020302', '0', '18', '2');
INSERT INTO `place` VALUES ('1692', '020301', '0', '24', '2');
INSERT INTO `place` VALUES ('1693', '020301', '0', '23', '2');
INSERT INTO `place` VALUES ('1694', '020302', '0', '13', '2');
INSERT INTO `place` VALUES ('1695', '020302', '0', '14', '2');
INSERT INTO `place` VALUES ('1696', '020302', '0', '15', '2');
INSERT INTO `place` VALUES ('1697', '020302', '0', '16', '2');
INSERT INTO `place` VALUES ('1698', '020302', '0', '19', '2');
INSERT INTO `place` VALUES ('1699', '020302', '0', '17', '2');
INSERT INTO `place` VALUES ('1700', '020302', '0', '20', '2');
INSERT INTO `place` VALUES ('1701', '020303', '0', '17', '2');
INSERT INTO `place` VALUES ('1702', '020302', '0', '23', '2');
INSERT INTO `place` VALUES ('1703', '020302', '0', '22', '2');
INSERT INTO `place` VALUES ('1704', '020302', '0', '21', '2');
INSERT INTO `place` VALUES ('1705', '020303', '0', '13', '2');
INSERT INTO `place` VALUES ('1706', '020303', '0', '15', '2');
INSERT INTO `place` VALUES ('1707', '020303', '0', '14', '2');
INSERT INTO `place` VALUES ('1708', '020302', '0', '24', '2');
INSERT INTO `place` VALUES ('1709', '020303', '0', '16', '2');
INSERT INTO `place` VALUES ('1710', '020303', '0', '18', '2');
INSERT INTO `place` VALUES ('1711', '020304', '0', '15', '2');
INSERT INTO `place` VALUES ('1712', '020303', '0', '19', '2');
INSERT INTO `place` VALUES ('1713', '020303', '0', '20', '2');
INSERT INTO `place` VALUES ('1714', '020303', '0', '21', '2');
INSERT INTO `place` VALUES ('1715', '020303', '0', '22', '2');
INSERT INTO `place` VALUES ('1716', '020303', '0', '24', '2');
INSERT INTO `place` VALUES ('1717', '020303', '0', '23', '2');
INSERT INTO `place` VALUES ('1718', '020304', '0', '13', '2');
INSERT INTO `place` VALUES ('1719', '020304', '0', '14', '2');
INSERT INTO `place` VALUES ('1720', '020304', '0', '16', '2');
INSERT INTO `place` VALUES ('1721', '020304', '0', '24', '2');
INSERT INTO `place` VALUES ('1722', '020304', '0', '23', '2');
INSERT INTO `place` VALUES ('1723', '020305', '0', '13', '2');
INSERT INTO `place` VALUES ('1724', '020304', '0', '17', '2');
INSERT INTO `place` VALUES ('1725', '020304', '0', '18', '2');
INSERT INTO `place` VALUES ('1726', '020304', '0', '22', '2');
INSERT INTO `place` VALUES ('1727', '020304', '0', '21', '2');
INSERT INTO `place` VALUES ('1728', '020304', '0', '20', '2');
INSERT INTO `place` VALUES ('1729', '020304', '0', '19', '2');
INSERT INTO `place` VALUES ('1730', '020305', '0', '14', '2');
INSERT INTO `place` VALUES ('1731', '020305', '0', '18', '2');
INSERT INTO `place` VALUES ('1732', '020305', '0', '17', '2');
INSERT INTO `place` VALUES ('1733', '020305', '0', '15', '2');
INSERT INTO `place` VALUES ('1734', '020305', '0', '16', '2');
INSERT INTO `place` VALUES ('1735', '020305', '0', '22', '2');
INSERT INTO `place` VALUES ('1736', '020305', '0', '19', '2');
INSERT INTO `place` VALUES ('1737', '020305', '0', '23', '2');
INSERT INTO `place` VALUES ('1738', '020305', '0', '20', '2');
INSERT INTO `place` VALUES ('1739', '020305', '0', '21', '2');
INSERT INTO `place` VALUES ('1740', '020305', '0', '24', '2');
INSERT INTO `place` VALUES ('1741', '020306', '0', '20', '2');
INSERT INTO `place` VALUES ('1742', '020306', '0', '21', '2');
INSERT INTO `place` VALUES ('1743', '020306', '0', '13', '2');
INSERT INTO `place` VALUES ('1744', '020306', '0', '14', '2');
INSERT INTO `place` VALUES ('1745', '020306', '0', '15', '2');
INSERT INTO `place` VALUES ('1746', '020306', '0', '17', '2');
INSERT INTO `place` VALUES ('1747', '020306', '0', '16', '2');
INSERT INTO `place` VALUES ('1748', '020306', '0', '18', '2');
INSERT INTO `place` VALUES ('1749', '020306', '0', '19', '2');
INSERT INTO `place` VALUES ('1750', '020306', '0', '22', '2');
INSERT INTO `place` VALUES ('1751', '020306', '0', '23', '2');
INSERT INTO `place` VALUES ('1752', '020307', '0', '19', '2');
INSERT INTO `place` VALUES ('1753', '020307', '0', '17', '2');
INSERT INTO `place` VALUES ('1754', '020307', '0', '16', '2');
INSERT INTO `place` VALUES ('1755', '020307', '0', '18', '2');
INSERT INTO `place` VALUES ('1756', '020306', '0', '24', '2');
INSERT INTO `place` VALUES ('1757', '020307', '0', '15', '2');
INSERT INTO `place` VALUES ('1758', '020307', '0', '14', '2');
INSERT INTO `place` VALUES ('1759', '020307', '0', '13', '2');
INSERT INTO `place` VALUES ('1760', '020307', '0', '20', '2');
INSERT INTO `place` VALUES ('1761', '020308', '0', '17', '2');
INSERT INTO `place` VALUES ('1762', '020308', '0', '15', '2');
INSERT INTO `place` VALUES ('1763', '020307', '0', '22', '2');
INSERT INTO `place` VALUES ('1764', '020307', '0', '23', '2');
INSERT INTO `place` VALUES ('1765', '020308', '0', '13', '2');
INSERT INTO `place` VALUES ('1766', '020308', '0', '16', '2');
INSERT INTO `place` VALUES ('1767', '020307', '0', '24', '2');
INSERT INTO `place` VALUES ('1768', '020308', '0', '14', '2');
INSERT INTO `place` VALUES ('1769', '020307', '0', '21', '2');
INSERT INTO `place` VALUES ('1770', '020308', '0', '18', '2');
INSERT INTO `place` VALUES ('1771', '020308', '0', '22', '2');
INSERT INTO `place` VALUES ('1772', '020309', '0', '15', '2');
INSERT INTO `place` VALUES ('1773', '020309', '0', '14', '2');
INSERT INTO `place` VALUES ('1774', '020309', '0', '13', '2');
INSERT INTO `place` VALUES ('1775', '020308', '0', '23', '2');
INSERT INTO `place` VALUES ('1776', '020308', '0', '24', '2');
INSERT INTO `place` VALUES ('1777', '020308', '0', '21', '2');
INSERT INTO `place` VALUES ('1778', '020308', '0', '20', '2');
INSERT INTO `place` VALUES ('1779', '020308', '0', '19', '2');
INSERT INTO `place` VALUES ('1780', '020309', '0', '16', '2');
INSERT INTO `place` VALUES ('1781', '020309', '0', '24', '2');
INSERT INTO `place` VALUES ('1782', '020309', '0', '18', '2');
INSERT INTO `place` VALUES ('1783', '020309', '0', '17', '2');
INSERT INTO `place` VALUES ('1784', '020309', '0', '19', '2');
INSERT INTO `place` VALUES ('1785', '020309', '0', '20', '2');
INSERT INTO `place` VALUES ('1786', '020309', '0', '22', '2');
INSERT INTO `place` VALUES ('1787', '020309', '0', '21', '2');
INSERT INTO `place` VALUES ('1788', '020309', '0', '23', '2');
INSERT INTO `place` VALUES ('1789', '020310', '0', '13', '2');
INSERT INTO `place` VALUES ('1790', '020310', '0', '14', '2');
INSERT INTO `place` VALUES ('1791', '020310', '0', '23', '2');
INSERT INTO `place` VALUES ('1792', '020310', '0', '16', '2');
INSERT INTO `place` VALUES ('1793', '020310', '0', '18', '2');
INSERT INTO `place` VALUES ('1794', '020310', '0', '19', '2');
INSERT INTO `place` VALUES ('1795', '020310', '0', '22', '2');
INSERT INTO `place` VALUES ('1796', '020310', '0', '17', '2');
INSERT INTO `place` VALUES ('1797', '020310', '0', '21', '2');
INSERT INTO `place` VALUES ('1798', '020310', '0', '20', '2');
INSERT INTO `place` VALUES ('1799', '020310', '0', '15', '2');
INSERT INTO `place` VALUES ('1800', '020310', '0', '24', '2');
INSERT INTO `place` VALUES ('1801', '020311', '0', '13', '2');
INSERT INTO `place` VALUES ('1802', '020311', '0', '21', '2');
INSERT INTO `place` VALUES ('1803', '020311', '0', '15', '2');
INSERT INTO `place` VALUES ('1804', '020311', '0', '14', '2');
INSERT INTO `place` VALUES ('1805', '020311', '0', '17', '2');
INSERT INTO `place` VALUES ('1806', '020311', '0', '19', '2');
INSERT INTO `place` VALUES ('1807', '020311', '0', '20', '2');
INSERT INTO `place` VALUES ('1808', '020311', '0', '16', '2');
INSERT INTO `place` VALUES ('1809', '020311', '0', '18', '2');
INSERT INTO `place` VALUES ('1810', '020311', '0', '22', '2');
INSERT INTO `place` VALUES ('1811', '020311', '0', '24', '2');
INSERT INTO `place` VALUES ('1812', '020312', '0', '13', '2');
INSERT INTO `place` VALUES ('1813', '020312', '0', '19', '2');
INSERT INTO `place` VALUES ('1814', '020311', '0', '23', '2');
INSERT INTO `place` VALUES ('1815', '020312', '0', '16', '2');
INSERT INTO `place` VALUES ('1816', '020312', '0', '14', '2');
INSERT INTO `place` VALUES ('1817', '020312', '0', '15', '2');
INSERT INTO `place` VALUES ('1818', '020312', '0', '17', '2');
INSERT INTO `place` VALUES ('1819', '020312', '0', '18', '2');
INSERT INTO `place` VALUES ('1820', '020312', '0', '20', '2');
INSERT INTO `place` VALUES ('1821', '020312', '0', '21', '2');
INSERT INTO `place` VALUES ('1822', '020312', '0', '23', '2');
INSERT INTO `place` VALUES ('1823', '020313', '0', '13', '2');
INSERT INTO `place` VALUES ('1824', '020312', '0', '24', '2');
INSERT INTO `place` VALUES ('1825', '020313', '0', '14', '2');
INSERT INTO `place` VALUES ('1826', '020313', '0', '16', '2');
INSERT INTO `place` VALUES ('1827', '020313', '0', '15', '2');
INSERT INTO `place` VALUES ('1828', '020313', '0', '17', '2');
INSERT INTO `place` VALUES ('1829', '020312', '0', '22', '2');
INSERT INTO `place` VALUES ('1830', '020313', '0', '18', '2');
INSERT INTO `place` VALUES ('1831', '020313', '0', '22', '2');
INSERT INTO `place` VALUES ('1832', '020314', '0', '15', '2');
INSERT INTO `place` VALUES ('1833', '020313', '0', '19', '2');
INSERT INTO `place` VALUES ('1834', '020314', '0', '13', '2');
INSERT INTO `place` VALUES ('1835', '020313', '0', '23', '2');
INSERT INTO `place` VALUES ('1836', '020313', '0', '24', '2');
INSERT INTO `place` VALUES ('1837', '020313', '0', '21', '2');
INSERT INTO `place` VALUES ('1838', '020313', '0', '20', '2');
INSERT INTO `place` VALUES ('1839', '020314', '0', '14', '2');
INSERT INTO `place` VALUES ('1840', '020314', '0', '16', '2');
INSERT INTO `place` VALUES ('1841', '020314', '0', '18', '2');
INSERT INTO `place` VALUES ('1842', '020314', '0', '22', '2');
INSERT INTO `place` VALUES ('1843', '020314', '0', '19', '2');
INSERT INTO `place` VALUES ('1844', '020314', '0', '20', '2');
INSERT INTO `place` VALUES ('1845', '020314', '0', '21', '2');
INSERT INTO `place` VALUES ('1846', '020314', '0', '24', '2');
INSERT INTO `place` VALUES ('1847', '020314', '0', '23', '2');
INSERT INTO `place` VALUES ('1848', '020315', '0', '13', '2');
INSERT INTO `place` VALUES ('1849', '020314', '0', '17', '2');
INSERT INTO `place` VALUES ('1850', '020315', '0', '14', '2');
INSERT INTO `place` VALUES ('1851', '020315', '0', '15', '2');
INSERT INTO `place` VALUES ('1852', '020315', '0', '23', '2');
INSERT INTO `place` VALUES ('1853', '020315', '0', '17', '2');
INSERT INTO `place` VALUES ('1854', '020315', '0', '20', '2');
INSERT INTO `place` VALUES ('1855', '020315', '0', '22', '2');
INSERT INTO `place` VALUES ('1856', '020315', '0', '18', '2');
INSERT INTO `place` VALUES ('1857', '020315', '0', '19', '2');
INSERT INTO `place` VALUES ('1858', '020315', '0', '16', '2');
INSERT INTO `place` VALUES ('1859', '020315', '0', '21', '2');
INSERT INTO `place` VALUES ('1860', '020315', '0', '24', '2');
INSERT INTO `place` VALUES ('1861', '020316', '0', '13', '2');
INSERT INTO `place` VALUES ('1862', '020316', '0', '15', '2');
INSERT INTO `place` VALUES ('1863', '020316', '0', '14', '2');
INSERT INTO `place` VALUES ('1864', '020316', '0', '17', '2');
INSERT INTO `place` VALUES ('1865', '020316', '0', '19', '2');
INSERT INTO `place` VALUES ('1866', '020316', '0', '20', '2');
INSERT INTO `place` VALUES ('1867', '020316', '0', '18', '2');
INSERT INTO `place` VALUES ('1868', '020316', '0', '16', '2');
INSERT INTO `place` VALUES ('1869', '020316', '0', '21', '2');
INSERT INTO `place` VALUES ('1870', '020316', '0', '22', '2');
INSERT INTO `place` VALUES ('1871', '020317', '0', '18', '2');
INSERT INTO `place` VALUES ('1872', '020317', '0', '19', '2');
INSERT INTO `place` VALUES ('1873', '020316', '0', '23', '2');
INSERT INTO `place` VALUES ('1874', '020317', '0', '15', '2');
INSERT INTO `place` VALUES ('1875', '020317', '0', '14', '2');
INSERT INTO `place` VALUES ('1876', '020317', '0', '16', '2');
INSERT INTO `place` VALUES ('1877', '020317', '0', '17', '2');
INSERT INTO `place` VALUES ('1878', '020316', '0', '24', '2');
INSERT INTO `place` VALUES ('1879', '020317', '0', '13', '2');
INSERT INTO `place` VALUES ('1880', '020317', '0', '20', '2');
INSERT INTO `place` VALUES ('1881', '020318', '0', '17', '2');
INSERT INTO `place` VALUES ('1882', '020318', '0', '16', '2');
INSERT INTO `place` VALUES ('1883', '020317', '0', '22', '2');
INSERT INTO `place` VALUES ('1884', '020318', '0', '14', '2');
INSERT INTO `place` VALUES ('1885', '020318', '0', '15', '2');
INSERT INTO `place` VALUES ('1886', '020317', '0', '24', '2');
INSERT INTO `place` VALUES ('1887', '020317', '0', '21', '2');
INSERT INTO `place` VALUES ('1888', '020318', '0', '13', '2');
INSERT INTO `place` VALUES ('1889', '020317', '0', '23', '2');
INSERT INTO `place` VALUES ('1890', '020318', '0', '18', '2');
INSERT INTO `place` VALUES ('1891', '020318', '0', '19', '2');
INSERT INTO `place` VALUES ('1892', '020318', '0', '23', '2');
INSERT INTO `place` VALUES ('1893', '020318', '0', '24', '2');
INSERT INTO `place` VALUES ('1894', '020319', '0', '14', '2');
INSERT INTO `place` VALUES ('1895', '020319', '0', '13', '2');
INSERT INTO `place` VALUES ('1896', '020319', '0', '15', '2');
INSERT INTO `place` VALUES ('1897', '020318', '0', '20', '2');
INSERT INTO `place` VALUES ('1898', '020318', '0', '21', '2');
INSERT INTO `place` VALUES ('1899', '020318', '0', '22', '2');
INSERT INTO `place` VALUES ('1900', '020319', '0', '16', '2');
INSERT INTO `place` VALUES ('1901', '020319', '0', '18', '2');
INSERT INTO `place` VALUES ('1902', '020319', '0', '17', '2');
INSERT INTO `place` VALUES ('1903', '020319', '0', '22', '2');
INSERT INTO `place` VALUES ('1904', '020319', '0', '21', '2');
INSERT INTO `place` VALUES ('1905', '020319', '0', '24', '2');
INSERT INTO `place` VALUES ('1906', '020319', '0', '19', '2');
INSERT INTO `place` VALUES ('1907', '020319', '0', '23', '2');
INSERT INTO `place` VALUES ('1908', '020320', '0', '13', '2');
INSERT INTO `place` VALUES ('1909', '020319', '0', '20', '2');
INSERT INTO `place` VALUES ('1910', '020320', '0', '14', '2');
INSERT INTO `place` VALUES ('1911', '020320', '0', '20', '2');
INSERT INTO `place` VALUES ('1912', '020320', '0', '23', '2');
INSERT INTO `place` VALUES ('1913', '020320', '0', '16', '2');
INSERT INTO `place` VALUES ('1914', '020320', '0', '18', '2');
INSERT INTO `place` VALUES ('1915', '020320', '0', '22', '2');
INSERT INTO `place` VALUES ('1916', '020320', '0', '19', '2');
INSERT INTO `place` VALUES ('1917', '020320', '0', '15', '2');
INSERT INTO `place` VALUES ('1918', '020320', '0', '17', '2');
INSERT INTO `place` VALUES ('1919', '020320', '0', '21', '2');
INSERT INTO `place` VALUES ('1920', '020320', '0', '24', '2');
INSERT INTO `place` VALUES ('1921', '020401', '0', '18', '2');
INSERT INTO `place` VALUES ('1922', '020401', '0', '19', '2');
INSERT INTO `place` VALUES ('1923', '020401', '0', '15', '2');
INSERT INTO `place` VALUES ('1924', '020401', '0', '13', '2');
INSERT INTO `place` VALUES ('1925', '020401', '0', '14', '2');
INSERT INTO `place` VALUES ('1926', '020401', '0', '20', '2');
INSERT INTO `place` VALUES ('1927', '020401', '0', '16', '2');
INSERT INTO `place` VALUES ('1928', '020401', '0', '21', '2');
INSERT INTO `place` VALUES ('1929', '020401', '0', '17', '2');
INSERT INTO `place` VALUES ('1930', '020401', '0', '22', '2');
INSERT INTO `place` VALUES ('1931', '020402', '0', '16', '2');
INSERT INTO `place` VALUES ('1932', '020402', '0', '18', '2');
INSERT INTO `place` VALUES ('1933', '020402', '0', '13', '2');
INSERT INTO `place` VALUES ('1934', '020402', '0', '17', '2');
INSERT INTO `place` VALUES ('1935', '020402', '0', '15', '2');
INSERT INTO `place` VALUES ('1936', '020402', '0', '14', '2');
INSERT INTO `place` VALUES ('1937', '020401', '0', '23', '2');
INSERT INTO `place` VALUES ('1938', '020402', '0', '19', '2');
INSERT INTO `place` VALUES ('1939', '020401', '0', '24', '2');
INSERT INTO `place` VALUES ('1940', '020402', '0', '20', '2');
INSERT INTO `place` VALUES ('1941', '020402', '0', '21', '2');
INSERT INTO `place` VALUES ('1942', '020402', '0', '24', '2');
INSERT INTO `place` VALUES ('1943', '020402', '0', '22', '2');
INSERT INTO `place` VALUES ('1944', '020402', '0', '23', '2');
INSERT INTO `place` VALUES ('1945', '020403', '0', '13', '2');
INSERT INTO `place` VALUES ('1946', '020403', '0', '14', '2');
INSERT INTO `place` VALUES ('1947', '020403', '0', '15', '2');
INSERT INTO `place` VALUES ('1948', '020403', '0', '17', '2');
INSERT INTO `place` VALUES ('1949', '020403', '0', '16', '2');
INSERT INTO `place` VALUES ('1950', '020403', '0', '18', '2');
INSERT INTO `place` VALUES ('1951', '020404', '0', '13', '2');
INSERT INTO `place` VALUES ('1952', '020403', '0', '19', '2');
INSERT INTO `place` VALUES ('1953', '020403', '0', '21', '2');
INSERT INTO `place` VALUES ('1954', '020403', '0', '20', '2');
INSERT INTO `place` VALUES ('1955', '020403', '0', '22', '2');
INSERT INTO `place` VALUES ('1956', '020403', '0', '24', '2');
INSERT INTO `place` VALUES ('1957', '020403', '0', '23', '2');
INSERT INTO `place` VALUES ('1958', '020404', '0', '14', '2');
INSERT INTO `place` VALUES ('1959', '020404', '0', '15', '2');
INSERT INTO `place` VALUES ('1960', '020404', '0', '16', '2');
INSERT INTO `place` VALUES ('1961', '020405', '0', '13', '2');
INSERT INTO `place` VALUES ('1962', '020404', '0', '18', '2');
INSERT INTO `place` VALUES ('1963', '020404', '0', '24', '2');
INSERT INTO `place` VALUES ('1964', '020404', '0', '21', '2');
INSERT INTO `place` VALUES ('1965', '020404', '0', '17', '2');
INSERT INTO `place` VALUES ('1966', '020404', '0', '23', '2');
INSERT INTO `place` VALUES ('1967', '020404', '0', '22', '2');
INSERT INTO `place` VALUES ('1968', '020404', '0', '19', '2');
INSERT INTO `place` VALUES ('1969', '020404', '0', '20', '2');
INSERT INTO `place` VALUES ('1970', '020405', '0', '14', '2');
INSERT INTO `place` VALUES ('1971', '020405', '0', '16', '2');
INSERT INTO `place` VALUES ('1972', '020405', '0', '17', '2');
INSERT INTO `place` VALUES ('1973', '020405', '0', '19', '2');
INSERT INTO `place` VALUES ('1974', '020405', '0', '18', '2');
INSERT INTO `place` VALUES ('1975', '020405', '0', '20', '2');
INSERT INTO `place` VALUES ('1976', '020405', '0', '15', '2');
INSERT INTO `place` VALUES ('1977', '020405', '0', '21', '2');
INSERT INTO `place` VALUES ('1978', '020405', '0', '22', '2');
INSERT INTO `place` VALUES ('1979', '020405', '0', '23', '2');
INSERT INTO `place` VALUES ('1980', '020405', '0', '24', '2');
INSERT INTO `place` VALUES ('1981', '020406', '0', '13', '2');
INSERT INTO `place` VALUES ('1982', '020406', '0', '21', '2');
INSERT INTO `place` VALUES ('1983', '020406', '0', '14', '2');
INSERT INTO `place` VALUES ('1984', '020406', '0', '15', '2');
INSERT INTO `place` VALUES ('1985', '020406', '0', '18', '2');
INSERT INTO `place` VALUES ('1986', '020406', '0', '17', '2');
INSERT INTO `place` VALUES ('1987', '020406', '0', '16', '2');
INSERT INTO `place` VALUES ('1988', '020406', '0', '19', '2');
INSERT INTO `place` VALUES ('1989', '020406', '0', '20', '2');
INSERT INTO `place` VALUES ('1990', '020406', '0', '22', '2');
INSERT INTO `place` VALUES ('1991', '020406', '0', '24', '2');
INSERT INTO `place` VALUES ('1992', '020407', '0', '15', '2');
INSERT INTO `place` VALUES ('1993', '020407', '0', '16', '2');
INSERT INTO `place` VALUES ('1994', '020406', '0', '23', '2');
INSERT INTO `place` VALUES ('1995', '020407', '0', '13', '2');
INSERT INTO `place` VALUES ('1996', '020407', '0', '14', '2');
INSERT INTO `place` VALUES ('1997', '020407', '0', '17', '2');
INSERT INTO `place` VALUES ('1998', '020407', '0', '18', '2');
INSERT INTO `place` VALUES ('1999', '020407', '0', '19', '2');
INSERT INTO `place` VALUES ('2000', '020407', '0', '20', '2');
INSERT INTO `place` VALUES ('2001', '020407', '0', '23', '2');
INSERT INTO `place` VALUES ('2002', '020408', '0', '16', '2');
INSERT INTO `place` VALUES ('2003', '020407', '0', '21', '2');
INSERT INTO `place` VALUES ('2004', '020408', '0', '14', '2');
INSERT INTO `place` VALUES ('2005', '020408', '0', '15', '2');
INSERT INTO `place` VALUES ('2006', '020408', '0', '17', '2');
INSERT INTO `place` VALUES ('2007', '020407', '0', '24', '2');
INSERT INTO `place` VALUES ('2008', '020407', '0', '22', '2');
INSERT INTO `place` VALUES ('2009', '020408', '0', '13', '2');
INSERT INTO `place` VALUES ('2010', '020408', '0', '18', '2');
INSERT INTO `place` VALUES ('2011', '020409', '0', '13', '2');
INSERT INTO `place` VALUES ('2012', '020408', '0', '22', '2');
INSERT INTO `place` VALUES ('2013', '020408', '0', '23', '2');
INSERT INTO `place` VALUES ('2014', '020408', '0', '19', '2');
INSERT INTO `place` VALUES ('2015', '020409', '0', '15', '2');
INSERT INTO `place` VALUES ('2016', '020408', '0', '24', '2');
INSERT INTO `place` VALUES ('2017', '020409', '0', '14', '2');
INSERT INTO `place` VALUES ('2018', '020408', '0', '21', '2');
INSERT INTO `place` VALUES ('2019', '020408', '0', '20', '2');
INSERT INTO `place` VALUES ('2020', '020409', '0', '16', '2');
INSERT INTO `place` VALUES ('2021', '020409', '0', '20', '2');
INSERT INTO `place` VALUES ('2022', '020409', '0', '18', '2');
INSERT INTO `place` VALUES ('2023', '020409', '0', '17', '2');
INSERT INTO `place` VALUES ('2024', '020409', '0', '24', '2');
INSERT INTO `place` VALUES ('2025', '020410', '0', '13', '2');
INSERT INTO `place` VALUES ('2026', '020409', '0', '22', '2');
INSERT INTO `place` VALUES ('2027', '020409', '0', '21', '2');
INSERT INTO `place` VALUES ('2028', '020409', '0', '23', '2');
INSERT INTO `place` VALUES ('2029', '020409', '0', '19', '2');
INSERT INTO `place` VALUES ('2030', '020410', '0', '14', '2');
INSERT INTO `place` VALUES ('2031', '020410', '0', '16', '2');
INSERT INTO `place` VALUES ('2032', '020410', '0', '20', '2');
INSERT INTO `place` VALUES ('2033', '020410', '0', '17', '2');
INSERT INTO `place` VALUES ('2034', '020410', '0', '21', '2');
INSERT INTO `place` VALUES ('2035', '020410', '0', '19', '2');
INSERT INTO `place` VALUES ('2036', '020410', '0', '22', '2');
INSERT INTO `place` VALUES ('2037', '020410', '0', '18', '2');
INSERT INTO `place` VALUES ('2038', '020410', '0', '23', '2');
INSERT INTO `place` VALUES ('2039', '020410', '0', '15', '2');
INSERT INTO `place` VALUES ('2040', '020410', '0', '24', '2');
INSERT INTO `place` VALUES ('2041', '020411', '0', '13', '2');
INSERT INTO `place` VALUES ('2042', '020411', '0', '19', '2');
INSERT INTO `place` VALUES ('2043', '020411', '0', '14', '2');
INSERT INTO `place` VALUES ('2044', '020411', '0', '21', '2');
INSERT INTO `place` VALUES ('2045', '020411', '0', '20', '2');
INSERT INTO `place` VALUES ('2046', '020411', '0', '18', '2');
INSERT INTO `place` VALUES ('2047', '020411', '0', '16', '2');
INSERT INTO `place` VALUES ('2048', '020411', '0', '17', '2');
INSERT INTO `place` VALUES ('2049', '020411', '0', '15', '2');
INSERT INTO `place` VALUES ('2050', '020411', '0', '22', '2');
INSERT INTO `place` VALUES ('2051', '020412', '0', '13', '2');
INSERT INTO `place` VALUES ('2052', '020412', '0', '14', '2');
INSERT INTO `place` VALUES ('2053', '020411', '0', '24', '2');
INSERT INTO `place` VALUES ('2054', '020412', '0', '15', '2');
INSERT INTO `place` VALUES ('2055', '020412', '0', '16', '2');
INSERT INTO `place` VALUES ('2056', '020412', '0', '19', '2');
INSERT INTO `place` VALUES ('2057', '020412', '0', '18', '2');
INSERT INTO `place` VALUES ('2058', '020412', '0', '17', '2');
INSERT INTO `place` VALUES ('2059', '020411', '0', '23', '2');
INSERT INTO `place` VALUES ('2060', '020412', '0', '20', '2');
INSERT INTO `place` VALUES ('2061', '020413', '0', '14', '2');
INSERT INTO `place` VALUES ('2062', '020413', '0', '15', '2');
INSERT INTO `place` VALUES ('2063', '020413', '0', '17', '2');
INSERT INTO `place` VALUES ('2064', '020412', '0', '21', '2');
INSERT INTO `place` VALUES ('2065', '020413', '0', '16', '2');
INSERT INTO `place` VALUES ('2066', '020413', '0', '13', '2');
INSERT INTO `place` VALUES ('2067', '020412', '0', '24', '2');
INSERT INTO `place` VALUES ('2068', '020412', '0', '22', '2');
INSERT INTO `place` VALUES ('2069', '020412', '0', '23', '2');
INSERT INTO `place` VALUES ('2070', '020413', '0', '18', '2');
INSERT INTO `place` VALUES ('2071', '020413', '0', '20', '2');
INSERT INTO `place` VALUES ('2072', '020413', '0', '19', '2');
INSERT INTO `place` VALUES ('2073', '020414', '0', '14', '2');
INSERT INTO `place` VALUES ('2074', '020414', '0', '13', '2');
INSERT INTO `place` VALUES ('2075', '020413', '0', '22', '2');
INSERT INTO `place` VALUES ('2076', '020413', '0', '24', '2');
INSERT INTO `place` VALUES ('2077', '020413', '0', '21', '2');
INSERT INTO `place` VALUES ('2078', '020413', '0', '23', '2');
INSERT INTO `place` VALUES ('2079', '020414', '0', '15', '2');
INSERT INTO `place` VALUES ('2080', '020414', '0', '16', '2');
INSERT INTO `place` VALUES ('2081', '020414', '0', '18', '2');
INSERT INTO `place` VALUES ('2082', '020414', '0', '17', '2');
INSERT INTO `place` VALUES ('2083', '020414', '0', '19', '2');
INSERT INTO `place` VALUES ('2084', '020414', '0', '20', '2');
INSERT INTO `place` VALUES ('2085', '020415', '0', '13', '2');
INSERT INTO `place` VALUES ('2086', '020414', '0', '22', '2');
INSERT INTO `place` VALUES ('2087', '020414', '0', '21', '2');
INSERT INTO `place` VALUES ('2088', '020414', '0', '24', '2');
INSERT INTO `place` VALUES ('2089', '020414', '0', '23', '2');
INSERT INTO `place` VALUES ('2090', '020415', '0', '14', '2');
INSERT INTO `place` VALUES ('2091', '020415', '0', '16', '2');
INSERT INTO `place` VALUES ('2092', '020415', '0', '18', '2');
INSERT INTO `place` VALUES ('2093', '020415', '0', '23', '2');
INSERT INTO `place` VALUES ('2094', '020415', '0', '19', '2');
INSERT INTO `place` VALUES ('2095', '020415', '0', '20', '2');
INSERT INTO `place` VALUES ('2096', '020415', '0', '15', '2');
INSERT INTO `place` VALUES ('2097', '020415', '0', '17', '2');
INSERT INTO `place` VALUES ('2098', '020415', '0', '21', '2');
INSERT INTO `place` VALUES ('2099', '020415', '0', '22', '2');
INSERT INTO `place` VALUES ('2100', '020415', '0', '24', '2');
INSERT INTO `place` VALUES ('2101', '020416', '0', '13', '2');
INSERT INTO `place` VALUES ('2102', '020416', '0', '14', '2');
INSERT INTO `place` VALUES ('2103', '020416', '0', '17', '2');
INSERT INTO `place` VALUES ('2104', '020416', '0', '16', '2');
INSERT INTO `place` VALUES ('2105', '020416', '0', '20', '2');
INSERT INTO `place` VALUES ('2106', '020416', '0', '15', '2');
INSERT INTO `place` VALUES ('2107', '020416', '0', '19', '2');
INSERT INTO `place` VALUES ('2108', '020416', '0', '18', '2');
INSERT INTO `place` VALUES ('2109', '020416', '0', '21', '2');
INSERT INTO `place` VALUES ('2110', '020416', '0', '22', '2');
INSERT INTO `place` VALUES ('2111', '020416', '0', '24', '2');
INSERT INTO `place` VALUES ('2112', '020416', '0', '23', '2');
INSERT INTO `place` VALUES ('2113', '020417', '0', '15', '2');
INSERT INTO `place` VALUES ('2114', '020417', '0', '18', '2');
INSERT INTO `place` VALUES ('2115', '020417', '0', '13', '2');
INSERT INTO `place` VALUES ('2116', '020417', '0', '17', '2');
INSERT INTO `place` VALUES ('2117', '020417', '0', '16', '2');
INSERT INTO `place` VALUES ('2118', '020417', '0', '19', '2');
INSERT INTO `place` VALUES ('2119', '020417', '0', '14', '2');
INSERT INTO `place` VALUES ('2120', '020417', '0', '20', '2');
INSERT INTO `place` VALUES ('2121', '020418', '0', '14', '2');
INSERT INTO `place` VALUES ('2122', '020417', '0', '24', '2');
INSERT INTO `place` VALUES ('2123', '020418', '0', '17', '2');
INSERT INTO `place` VALUES ('2124', '020418', '0', '15', '2');
INSERT INTO `place` VALUES ('2125', '020418', '0', '13', '2');
INSERT INTO `place` VALUES ('2126', '020417', '0', '23', '2');
INSERT INTO `place` VALUES ('2127', '020417', '0', '22', '2');
INSERT INTO `place` VALUES ('2128', '020417', '0', '21', '2');
INSERT INTO `place` VALUES ('2129', '020418', '0', '16', '2');
INSERT INTO `place` VALUES ('2130', '020418', '0', '18', '2');
INSERT INTO `place` VALUES ('2131', '020418', '0', '23', '2');
INSERT INTO `place` VALUES ('2132', '020418', '0', '19', '2');
INSERT INTO `place` VALUES ('2133', '020418', '0', '20', '2');
INSERT INTO `place` VALUES ('2134', '020418', '0', '22', '2');
INSERT INTO `place` VALUES ('2135', '020418', '0', '21', '2');
INSERT INTO `place` VALUES ('2136', '020419', '0', '14', '2');
INSERT INTO `place` VALUES ('2137', '020418', '0', '24', '2');
INSERT INTO `place` VALUES ('2138', '020419', '0', '15', '2');
INSERT INTO `place` VALUES ('2139', '020419', '0', '13', '2');
INSERT INTO `place` VALUES ('2140', '020419', '0', '16', '2');
INSERT INTO `place` VALUES ('2141', '020419', '0', '23', '2');
INSERT INTO `place` VALUES ('2142', '020419', '0', '18', '2');
INSERT INTO `place` VALUES ('2143', '020419', '0', '17', '2');
INSERT INTO `place` VALUES ('2144', '020419', '0', '19', '2');
INSERT INTO `place` VALUES ('2145', '020419', '0', '24', '2');
INSERT INTO `place` VALUES ('2146', '020419', '0', '21', '2');
INSERT INTO `place` VALUES ('2147', '020419', '0', '20', '2');
INSERT INTO `place` VALUES ('2148', '020419', '0', '22', '2');
INSERT INTO `place` VALUES ('2149', '020420', '0', '13', '2');
INSERT INTO `place` VALUES ('2150', '020420', '0', '14', '2');
INSERT INTO `place` VALUES ('2151', '020420', '0', '20', '2');
INSERT INTO `place` VALUES ('2152', '020420', '0', '16', '2');
INSERT INTO `place` VALUES ('2153', '020420', '0', '23', '2');
INSERT INTO `place` VALUES ('2154', '020420', '0', '17', '2');
INSERT INTO `place` VALUES ('2155', '020420', '0', '15', '2');
INSERT INTO `place` VALUES ('2156', '020420', '0', '19', '2');
INSERT INTO `place` VALUES ('2157', '020420', '0', '18', '2');
INSERT INTO `place` VALUES ('2158', '020420', '0', '21', '2');
INSERT INTO `place` VALUES ('2159', '020420', '0', '22', '2');
INSERT INTO `place` VALUES ('2160', '020420', '0', '24', '2');
INSERT INTO `place` VALUES ('2161', '020501', '0', '13', '2');
INSERT INTO `place` VALUES ('2162', '020501', '0', '19', '2');
INSERT INTO `place` VALUES ('2163', '020501', '0', '18', '2');
INSERT INTO `place` VALUES ('2164', '020501', '0', '16', '2');
INSERT INTO `place` VALUES ('2165', '020501', '0', '20', '2');
INSERT INTO `place` VALUES ('2166', '020501', '0', '17', '2');
INSERT INTO `place` VALUES ('2167', '020501', '0', '15', '2');
INSERT INTO `place` VALUES ('2168', '020501', '0', '21', '2');
INSERT INTO `place` VALUES ('2169', '020501', '0', '14', '2');
INSERT INTO `place` VALUES ('2170', '020501', '0', '22', '2');
INSERT INTO `place` VALUES ('2171', '020502', '0', '19', '2');
INSERT INTO `place` VALUES ('2172', '020502', '0', '13', '2');
INSERT INTO `place` VALUES ('2173', '020502', '0', '14', '2');
INSERT INTO `place` VALUES ('2174', '020502', '0', '15', '2');
INSERT INTO `place` VALUES ('2175', '020502', '0', '16', '2');
INSERT INTO `place` VALUES ('2176', '020502', '0', '18', '2');
INSERT INTO `place` VALUES ('2177', '020502', '0', '17', '2');
INSERT INTO `place` VALUES ('2178', '020501', '0', '23', '2');
INSERT INTO `place` VALUES ('2179', '020501', '0', '24', '2');
INSERT INTO `place` VALUES ('2180', '020502', '0', '20', '2');
INSERT INTO `place` VALUES ('2181', '020502', '0', '22', '2');
INSERT INTO `place` VALUES ('2182', '020503', '0', '15', '2');
INSERT INTO `place` VALUES ('2183', '020503', '0', '16', '2');
INSERT INTO `place` VALUES ('2184', '020502', '0', '24', '2');
INSERT INTO `place` VALUES ('2185', '020503', '0', '14', '2');
INSERT INTO `place` VALUES ('2186', '020503', '0', '13', '2');
INSERT INTO `place` VALUES ('2187', '020502', '0', '23', '2');
INSERT INTO `place` VALUES ('2188', '020503', '0', '17', '2');
INSERT INTO `place` VALUES ('2189', '020502', '0', '21', '2');
INSERT INTO `place` VALUES ('2190', '020503', '0', '18', '2');
INSERT INTO `place` VALUES ('2191', '020504', '0', '14', '2');
INSERT INTO `place` VALUES ('2192', '020503', '0', '20', '2');
INSERT INTO `place` VALUES ('2193', '020503', '0', '19', '2');
INSERT INTO `place` VALUES ('2194', '020503', '0', '21', '2');
INSERT INTO `place` VALUES ('2195', '020503', '0', '22', '2');
INSERT INTO `place` VALUES ('2196', '020503', '0', '23', '2');
INSERT INTO `place` VALUES ('2197', '020504', '0', '13', '2');
INSERT INTO `place` VALUES ('2198', '020503', '0', '24', '2');
INSERT INTO `place` VALUES ('2199', '020504', '0', '15', '2');
INSERT INTO `place` VALUES ('2200', '020504', '0', '16', '2');
INSERT INTO `place` VALUES ('2201', '020504', '0', '20', '2');
INSERT INTO `place` VALUES ('2202', '020504', '0', '17', '2');
INSERT INTO `place` VALUES ('2203', '020504', '0', '18', '2');
INSERT INTO `place` VALUES ('2204', '020504', '0', '19', '2');
INSERT INTO `place` VALUES ('2205', '020504', '0', '21', '2');
INSERT INTO `place` VALUES ('2206', '020504', '0', '22', '2');
INSERT INTO `place` VALUES ('2207', '020504', '0', '23', '2');
INSERT INTO `place` VALUES ('2208', '020504', '0', '24', '2');
INSERT INTO `place` VALUES ('2209', '020505', '0', '13', '2');
INSERT INTO `place` VALUES ('2210', '020505', '0', '14', '2');
INSERT INTO `place` VALUES ('2211', '020505', '0', '23', '2');
INSERT INTO `place` VALUES ('2212', '020505', '0', '17', '2');
INSERT INTO `place` VALUES ('2213', '020505', '0', '15', '2');
INSERT INTO `place` VALUES ('2214', '020505', '0', '16', '2');
INSERT INTO `place` VALUES ('2215', '020505', '0', '19', '2');
INSERT INTO `place` VALUES ('2216', '020505', '0', '18', '2');
INSERT INTO `place` VALUES ('2217', '020505', '0', '21', '2');
INSERT INTO `place` VALUES ('2218', '020505', '0', '22', '2');
INSERT INTO `place` VALUES ('2219', '020505', '0', '20', '2');
INSERT INTO `place` VALUES ('2220', '020505', '0', '24', '2');
INSERT INTO `place` VALUES ('2221', '020506', '0', '21', '2');
INSERT INTO `place` VALUES ('2222', '020506', '0', '13', '2');
INSERT INTO `place` VALUES ('2223', '020506', '0', '14', '2');
INSERT INTO `place` VALUES ('2224', '020506', '0', '15', '2');
INSERT INTO `place` VALUES ('2225', '020506', '0', '17', '2');
INSERT INTO `place` VALUES ('2226', '020506', '0', '16', '2');
INSERT INTO `place` VALUES ('2227', '020506', '0', '18', '2');
INSERT INTO `place` VALUES ('2228', '020506', '0', '20', '2');
INSERT INTO `place` VALUES ('2229', '020506', '0', '19', '2');
INSERT INTO `place` VALUES ('2230', '020506', '0', '22', '2');
INSERT INTO `place` VALUES ('2231', '020507', '0', '13', '2');
INSERT INTO `place` VALUES ('2232', '020506', '0', '23', '2');
INSERT INTO `place` VALUES ('2233', '020507', '0', '15', '2');
INSERT INTO `place` VALUES ('2234', '020507', '0', '18', '2');
INSERT INTO `place` VALUES ('2235', '020506', '0', '24', '2');
INSERT INTO `place` VALUES ('2236', '020507', '0', '17', '2');
INSERT INTO `place` VALUES ('2237', '020507', '0', '14', '2');
INSERT INTO `place` VALUES ('2238', '020507', '0', '16', '2');
INSERT INTO `place` VALUES ('2239', '020507', '0', '19', '2');
INSERT INTO `place` VALUES ('2240', '020507', '0', '20', '2');
INSERT INTO `place` VALUES ('2241', '020507', '0', '23', '2');
INSERT INTO `place` VALUES ('2242', '020508', '0', '16', '2');
INSERT INTO `place` VALUES ('2243', '020507', '0', '22', '2');
INSERT INTO `place` VALUES ('2244', '020508', '0', '17', '2');
INSERT INTO `place` VALUES ('2245', '020508', '0', '13', '2');
INSERT INTO `place` VALUES ('2246', '020507', '0', '21', '2');
INSERT INTO `place` VALUES ('2247', '020508', '0', '14', '2');
INSERT INTO `place` VALUES ('2248', '020507', '0', '24', '2');
INSERT INTO `place` VALUES ('2249', '020508', '0', '15', '2');
INSERT INTO `place` VALUES ('2250', '020508', '0', '18', '2');
INSERT INTO `place` VALUES ('2251', '020508', '0', '19', '2');
INSERT INTO `place` VALUES ('2252', '020508', '0', '21', '2');
INSERT INTO `place` VALUES ('2253', '020508', '0', '24', '2');
INSERT INTO `place` VALUES ('2254', '020509', '0', '13', '2');
INSERT INTO `place` VALUES ('2255', '020509', '0', '14', '2');
INSERT INTO `place` VALUES ('2256', '020508', '0', '22', '2');
INSERT INTO `place` VALUES ('2257', '020509', '0', '15', '2');
INSERT INTO `place` VALUES ('2258', '020508', '0', '23', '2');
INSERT INTO `place` VALUES ('2259', '020508', '0', '20', '2');
INSERT INTO `place` VALUES ('2260', '020509', '0', '16', '2');
INSERT INTO `place` VALUES ('2261', '020509', '0', '24', '2');
INSERT INTO `place` VALUES ('2262', '020509', '0', '23', '2');
INSERT INTO `place` VALUES ('2263', '020509', '0', '17', '2');
INSERT INTO `place` VALUES ('2264', '020509', '0', '22', '2');
INSERT INTO `place` VALUES ('2265', '020509', '0', '18', '2');
INSERT INTO `place` VALUES ('2266', '020509', '0', '20', '2');
INSERT INTO `place` VALUES ('2267', '020509', '0', '19', '2');
INSERT INTO `place` VALUES ('2268', '020510', '0', '13', '2');
INSERT INTO `place` VALUES ('2269', '020509', '0', '21', '2');
INSERT INTO `place` VALUES ('2270', '020510', '0', '14', '2');
INSERT INTO `place` VALUES ('2271', '020510', '0', '16', '2');
INSERT INTO `place` VALUES ('2272', '020510', '0', '17', '2');
INSERT INTO `place` VALUES ('2273', '020510', '0', '19', '2');
INSERT INTO `place` VALUES ('2274', '020510', '0', '20', '2');
INSERT INTO `place` VALUES ('2275', '020510', '0', '18', '2');
INSERT INTO `place` VALUES ('2276', '020510', '0', '21', '2');
INSERT INTO `place` VALUES ('2277', '020510', '0', '22', '2');
INSERT INTO `place` VALUES ('2278', '020510', '0', '23', '2');
INSERT INTO `place` VALUES ('2279', '020510', '0', '15', '2');
INSERT INTO `place` VALUES ('2280', '020510', '0', '24', '2');
INSERT INTO `place` VALUES ('2281', '020511', '0', '17', '2');
INSERT INTO `place` VALUES ('2282', '020511', '0', '21', '2');
INSERT INTO `place` VALUES ('2283', '020511', '0', '13', '2');
INSERT INTO `place` VALUES ('2284', '020511', '0', '19', '2');
INSERT INTO `place` VALUES ('2285', '020511', '0', '15', '2');
INSERT INTO `place` VALUES ('2286', '020511', '0', '14', '2');
INSERT INTO `place` VALUES ('2287', '020511', '0', '16', '2');
INSERT INTO `place` VALUES ('2288', '020511', '0', '18', '2');
INSERT INTO `place` VALUES ('2289', '020511', '0', '20', '2');
INSERT INTO `place` VALUES ('2290', '020511', '0', '22', '2');
INSERT INTO `place` VALUES ('2291', '020511', '0', '24', '2');
INSERT INTO `place` VALUES ('2292', '020512', '0', '19', '2');
INSERT INTO `place` VALUES ('2293', '020511', '0', '23', '2');
INSERT INTO `place` VALUES ('2294', '020512', '0', '13', '2');
INSERT INTO `place` VALUES ('2295', '020512', '0', '15', '2');
INSERT INTO `place` VALUES ('2296', '020512', '0', '17', '2');
INSERT INTO `place` VALUES ('2297', '020512', '0', '14', '2');
INSERT INTO `place` VALUES ('2298', '020512', '0', '16', '2');
INSERT INTO `place` VALUES ('2299', '020512', '0', '18', '2');
INSERT INTO `place` VALUES ('2300', '020512', '0', '20', '2');
INSERT INTO `place` VALUES ('2301', '020513', '0', '15', '2');
INSERT INTO `place` VALUES ('2302', '020512', '0', '21', '2');
INSERT INTO `place` VALUES ('2303', '020512', '0', '22', '2');
INSERT INTO `place` VALUES ('2304', '020512', '0', '23', '2');
INSERT INTO `place` VALUES ('2305', '020512', '0', '24', '2');
INSERT INTO `place` VALUES ('2306', '020513', '0', '14', '2');
INSERT INTO `place` VALUES ('2307', '020513', '0', '13', '2');
INSERT INTO `place` VALUES ('2308', '020513', '0', '17', '2');
INSERT INTO `place` VALUES ('2309', '020513', '0', '16', '2');
INSERT INTO `place` VALUES ('2310', '020513', '0', '18', '2');
INSERT INTO `place` VALUES ('2311', '020513', '0', '23', '2');
INSERT INTO `place` VALUES ('2312', '020514', '0', '15', '2');
INSERT INTO `place` VALUES ('2313', '020514', '0', '14', '2');
INSERT INTO `place` VALUES ('2314', '020513', '0', '24', '2');
INSERT INTO `place` VALUES ('2315', '020514', '0', '13', '2');
INSERT INTO `place` VALUES ('2316', '020513', '0', '22', '2');
INSERT INTO `place` VALUES ('2317', '020513', '0', '21', '2');
INSERT INTO `place` VALUES ('2318', '020513', '0', '20', '2');
INSERT INTO `place` VALUES ('2319', '020513', '0', '19', '2');
INSERT INTO `place` VALUES ('2320', '020514', '0', '16', '2');
INSERT INTO `place` VALUES ('2321', '020514', '0', '21', '2');
INSERT INTO `place` VALUES ('2322', '020514', '0', '20', '2');
INSERT INTO `place` VALUES ('2323', '020514', '0', '24', '2');
INSERT INTO `place` VALUES ('2324', '020514', '0', '19', '2');
INSERT INTO `place` VALUES ('2325', '020514', '0', '23', '2');
INSERT INTO `place` VALUES ('2326', '020514', '0', '22', '2');
INSERT INTO `place` VALUES ('2327', '020515', '0', '13', '2');
INSERT INTO `place` VALUES ('2328', '020514', '0', '18', '2');
INSERT INTO `place` VALUES ('2329', '020514', '0', '17', '2');
INSERT INTO `place` VALUES ('2330', '020515', '0', '14', '2');
INSERT INTO `place` VALUES ('2331', '020515', '0', '16', '2');
INSERT INTO `place` VALUES ('2332', '020515', '0', '17', '2');
INSERT INTO `place` VALUES ('2333', '020515', '0', '22', '2');
INSERT INTO `place` VALUES ('2334', '020515', '0', '15', '2');
INSERT INTO `place` VALUES ('2335', '020515', '0', '23', '2');
INSERT INTO `place` VALUES ('2336', '020515', '0', '21', '2');
INSERT INTO `place` VALUES ('2337', '020515', '0', '20', '2');
INSERT INTO `place` VALUES ('2338', '020515', '0', '19', '2');
INSERT INTO `place` VALUES ('2339', '020515', '0', '18', '2');
INSERT INTO `place` VALUES ('2340', '020515', '0', '24', '2');
INSERT INTO `place` VALUES ('2341', '020516', '0', '21', '2');
INSERT INTO `place` VALUES ('2342', '020516', '0', '14', '2');
INSERT INTO `place` VALUES ('2343', '020516', '0', '13', '2');
INSERT INTO `place` VALUES ('2344', '020516', '0', '20', '2');
INSERT INTO `place` VALUES ('2345', '020516', '0', '15', '2');
INSERT INTO `place` VALUES ('2346', '020516', '0', '16', '2');
INSERT INTO `place` VALUES ('2347', '020516', '0', '19', '2');
INSERT INTO `place` VALUES ('2348', '020516', '0', '17', '2');
INSERT INTO `place` VALUES ('2349', '020516', '0', '18', '2');
INSERT INTO `place` VALUES ('2350', '020516', '0', '22', '2');
INSERT INTO `place` VALUES ('2351', '020517', '0', '19', '2');
INSERT INTO `place` VALUES ('2352', '020516', '0', '23', '2');
INSERT INTO `place` VALUES ('2353', '020517', '0', '14', '2');
INSERT INTO `place` VALUES ('2354', '020517', '0', '13', '2');
INSERT INTO `place` VALUES ('2355', '020516', '0', '24', '2');
INSERT INTO `place` VALUES ('2356', '020517', '0', '18', '2');
INSERT INTO `place` VALUES ('2357', '020517', '0', '15', '2');
INSERT INTO `place` VALUES ('2358', '020517', '0', '17', '2');
INSERT INTO `place` VALUES ('2359', '020517', '0', '16', '2');
INSERT INTO `place` VALUES ('2360', '020517', '0', '20', '2');
INSERT INTO `place` VALUES ('2361', '020518', '0', '17', '2');
INSERT INTO `place` VALUES ('2362', '020517', '0', '22', '2');
INSERT INTO `place` VALUES ('2363', '020517', '0', '21', '2');
INSERT INTO `place` VALUES ('2364', '020517', '0', '23', '2');
INSERT INTO `place` VALUES ('2365', '020517', '0', '24', '2');
INSERT INTO `place` VALUES ('2366', '020518', '0', '14', '2');
INSERT INTO `place` VALUES ('2367', '020518', '0', '13', '2');
INSERT INTO `place` VALUES ('2368', '020518', '0', '15', '2');
INSERT INTO `place` VALUES ('2369', '020518', '0', '16', '2');
INSERT INTO `place` VALUES ('2370', '020518', '0', '18', '2');
INSERT INTO `place` VALUES ('2371', '020519', '0', '15', '2');
INSERT INTO `place` VALUES ('2372', '020519', '0', '14', '2');
INSERT INTO `place` VALUES ('2373', '020518', '0', '22', '2');
INSERT INTO `place` VALUES ('2374', '020518', '0', '23', '2');
INSERT INTO `place` VALUES ('2375', '020518', '0', '24', '2');
INSERT INTO `place` VALUES ('2376', '020519', '0', '13', '2');
INSERT INTO `place` VALUES ('2377', '020518', '0', '21', '2');
INSERT INTO `place` VALUES ('2378', '020518', '0', '20', '2');
INSERT INTO `place` VALUES ('2379', '020518', '0', '19', '2');
INSERT INTO `place` VALUES ('2380', '020519', '0', '16', '2');
INSERT INTO `place` VALUES ('2381', '020520', '0', '13', '2');
INSERT INTO `place` VALUES ('2382', '020519', '0', '17', '2');
INSERT INTO `place` VALUES ('2383', '020519', '0', '24', '2');
INSERT INTO `place` VALUES ('2384', '020519', '0', '19', '2');
INSERT INTO `place` VALUES ('2385', '020519', '0', '23', '2');
INSERT INTO `place` VALUES ('2386', '020519', '0', '20', '2');
INSERT INTO `place` VALUES ('2387', '020519', '0', '22', '2');
INSERT INTO `place` VALUES ('2388', '020519', '0', '18', '2');
INSERT INTO `place` VALUES ('2389', '020519', '0', '21', '2');
INSERT INTO `place` VALUES ('2390', '020520', '0', '14', '2');
INSERT INTO `place` VALUES ('2391', '020520', '0', '23', '2');
INSERT INTO `place` VALUES ('2392', '020520', '0', '16', '2');
INSERT INTO `place` VALUES ('2393', '020520', '0', '21', '2');
INSERT INTO `place` VALUES ('2394', '020520', '0', '22', '2');
INSERT INTO `place` VALUES ('2395', '020520', '0', '20', '2');
INSERT INTO `place` VALUES ('2396', '020520', '0', '19', '2');
INSERT INTO `place` VALUES ('2397', '020520', '0', '18', '2');
INSERT INTO `place` VALUES ('2398', '020520', '0', '17', '2');
INSERT INTO `place` VALUES ('2399', '020520', '0', '15', '2');
INSERT INTO `place` VALUES ('2400', '020520', '0', '24', '2');
INSERT INTO `place` VALUES ('2401', '030102', '0', '25', '3');
INSERT INTO `place` VALUES ('2402', '030101', '0', '25', '3');
INSERT INTO `place` VALUES ('2403', '030101', '0', '26', '3');
INSERT INTO `place` VALUES ('2404', '030101', '0', '27', '3');
INSERT INTO `place` VALUES ('2405', '030101', '0', '28', '3');
INSERT INTO `place` VALUES ('2406', '030101', '0', '29', '3');
INSERT INTO `place` VALUES ('2407', '030101', '1', '30', '3');
INSERT INTO `place` VALUES ('2408', '030101', '1', '31', '3');
INSERT INTO `place` VALUES ('2409', '030101', '0', '33', '3');
INSERT INTO `place` VALUES ('2410', '030101', '1', '32', '3');
INSERT INTO `place` VALUES ('2411', '030102', '0', '33', '3');
INSERT INTO `place` VALUES ('2412', '030102', '0', '32', '3');
INSERT INTO `place` VALUES ('2413', '030103', '0', '25', '3');
INSERT INTO `place` VALUES ('2414', '030102', '0', '26', '3');
INSERT INTO `place` VALUES ('2415', '030102', '0', '27', '3');
INSERT INTO `place` VALUES ('2416', '030102', '0', '28', '3');
INSERT INTO `place` VALUES ('2417', '030102', '0', '30', '3');
INSERT INTO `place` VALUES ('2418', '030102', '0', '29', '3');
INSERT INTO `place` VALUES ('2419', '030102', '0', '31', '3');
INSERT INTO `place` VALUES ('2420', '030103', '0', '26', '3');
INSERT INTO `place` VALUES ('2421', '030103', '0', '28', '3');
INSERT INTO `place` VALUES ('2422', '030103', '0', '32', '3');
INSERT INTO `place` VALUES ('2423', '030104', '0', '26', '3');
INSERT INTO `place` VALUES ('2424', '030103', '0', '33', '3');
INSERT INTO `place` VALUES ('2425', '030103', '0', '31', '3');
INSERT INTO `place` VALUES ('2426', '030103', '0', '29', '3');
INSERT INTO `place` VALUES ('2427', '030103', '0', '30', '3');
INSERT INTO `place` VALUES ('2428', '030103', '0', '27', '3');
INSERT INTO `place` VALUES ('2429', '030104', '0', '25', '3');
INSERT INTO `place` VALUES ('2430', '030104', '0', '27', '3');
INSERT INTO `place` VALUES ('2431', '030104', '0', '29', '3');
INSERT INTO `place` VALUES ('2432', '030105', '0', '27', '3');
INSERT INTO `place` VALUES ('2433', '030104', '0', '28', '3');
INSERT INTO `place` VALUES ('2434', '030104', '0', '30', '3');
INSERT INTO `place` VALUES ('2435', '030104', '0', '31', '3');
INSERT INTO `place` VALUES ('2436', '030104', '0', '32', '3');
INSERT INTO `place` VALUES ('2437', '030104', '0', '33', '3');
INSERT INTO `place` VALUES ('2438', '030105', '0', '26', '3');
INSERT INTO `place` VALUES ('2439', '030105', '0', '25', '3');
INSERT INTO `place` VALUES ('2440', '030105', '0', '28', '3');
INSERT INTO `place` VALUES ('2441', '030106', '0', '25', '3');
INSERT INTO `place` VALUES ('2442', '030106', '0', '26', '3');
INSERT INTO `place` VALUES ('2443', '030105', '0', '29', '3');
INSERT INTO `place` VALUES ('2444', '030105', '0', '31', '3');
INSERT INTO `place` VALUES ('2445', '030106', '0', '28', '3');
INSERT INTO `place` VALUES ('2446', '030106', '0', '27', '3');
INSERT INTO `place` VALUES ('2447', '030105', '0', '32', '3');
INSERT INTO `place` VALUES ('2448', '030105', '0', '33', '3');
INSERT INTO `place` VALUES ('2449', '030105', '0', '30', '3');
INSERT INTO `place` VALUES ('2450', '030106', '0', '29', '3');
INSERT INTO `place` VALUES ('2451', '030107', '0', '29', '3');
INSERT INTO `place` VALUES ('2452', '030107', '0', '28', '3');
INSERT INTO `place` VALUES ('2453', '030107', '0', '27', '3');
INSERT INTO `place` VALUES ('2454', '030107', '0', '25', '3');
INSERT INTO `place` VALUES ('2455', '030107', '0', '26', '3');
INSERT INTO `place` VALUES ('2456', '030106', '0', '33', '3');
INSERT INTO `place` VALUES ('2457', '030106', '0', '30', '3');
INSERT INTO `place` VALUES ('2458', '030106', '0', '32', '3');
INSERT INTO `place` VALUES ('2459', '030106', '0', '31', '3');
INSERT INTO `place` VALUES ('2460', '030107', '0', '30', '3');
INSERT INTO `place` VALUES ('2461', '030108', '0', '30', '3');
INSERT INTO `place` VALUES ('2462', '030108', '0', '28', '3');
INSERT INTO `place` VALUES ('2463', '030108', '0', '25', '3');
INSERT INTO `place` VALUES ('2464', '030108', '0', '29', '3');
INSERT INTO `place` VALUES ('2465', '030108', '0', '26', '3');
INSERT INTO `place` VALUES ('2466', '030108', '0', '27', '3');
INSERT INTO `place` VALUES ('2467', '030107', '0', '33', '3');
INSERT INTO `place` VALUES ('2468', '030107', '0', '32', '3');
INSERT INTO `place` VALUES ('2469', '030107', '0', '31', '3');
INSERT INTO `place` VALUES ('2470', '030108', '0', '31', '3');
INSERT INTO `place` VALUES ('2471', '030109', '0', '31', '3');
INSERT INTO `place` VALUES ('2472', '030108', '0', '33', '3');
INSERT INTO `place` VALUES ('2473', '030108', '0', '32', '3');
INSERT INTO `place` VALUES ('2474', '030109', '0', '25', '3');
INSERT INTO `place` VALUES ('2475', '030109', '0', '28', '3');
INSERT INTO `place` VALUES ('2476', '030109', '0', '26', '3');
INSERT INTO `place` VALUES ('2477', '030109', '0', '27', '3');
INSERT INTO `place` VALUES ('2478', '030109', '0', '29', '3');
INSERT INTO `place` VALUES ('2479', '030109', '0', '30', '3');
INSERT INTO `place` VALUES ('2480', '030109', '0', '32', '3');
INSERT INTO `place` VALUES ('2481', '030110', '0', '28', '3');
INSERT INTO `place` VALUES ('2482', '030110', '0', '32', '3');
INSERT INTO `place` VALUES ('2483', '030110', '0', '31', '3');
INSERT INTO `place` VALUES ('2484', '030110', '0', '26', '3');
INSERT INTO `place` VALUES ('2485', '030110', '0', '29', '3');
INSERT INTO `place` VALUES ('2486', '030110', '0', '30', '3');
INSERT INTO `place` VALUES ('2487', '030110', '0', '27', '3');
INSERT INTO `place` VALUES ('2488', '030109', '0', '33', '3');
INSERT INTO `place` VALUES ('2489', '030110', '0', '25', '3');
INSERT INTO `place` VALUES ('2490', '030110', '0', '33', '3');
INSERT INTO `place` VALUES ('2491', '030111', '0', '33', '3');
INSERT INTO `place` VALUES ('2492', '030111', '0', '26', '3');
INSERT INTO `place` VALUES ('2493', '030111', '0', '25', '3');
INSERT INTO `place` VALUES ('2494', '030111', '0', '28', '3');
INSERT INTO `place` VALUES ('2495', '030111', '0', '27', '3');
INSERT INTO `place` VALUES ('2496', '030111', '0', '29', '3');
INSERT INTO `place` VALUES ('2497', '030111', '0', '30', '3');
INSERT INTO `place` VALUES ('2498', '030111', '0', '32', '3');
INSERT INTO `place` VALUES ('2499', '030111', '0', '31', '3');
INSERT INTO `place` VALUES ('2500', '030112', '0', '25', '3');
INSERT INTO `place` VALUES ('2501', '030113', '0', '25', '3');
INSERT INTO `place` VALUES ('2502', '030112', '0', '27', '3');
INSERT INTO `place` VALUES ('2503', '030112', '0', '28', '3');
INSERT INTO `place` VALUES ('2504', '030112', '0', '26', '3');
INSERT INTO `place` VALUES ('2505', '030112', '0', '29', '3');
INSERT INTO `place` VALUES ('2506', '030112', '0', '30', '3');
INSERT INTO `place` VALUES ('2507', '030112', '0', '31', '3');
INSERT INTO `place` VALUES ('2508', '030112', '0', '32', '3');
INSERT INTO `place` VALUES ('2509', '030112', '0', '33', '3');
INSERT INTO `place` VALUES ('2510', '030113', '0', '26', '3');
INSERT INTO `place` VALUES ('2511', '030114', '0', '26', '3');
INSERT INTO `place` VALUES ('2512', '030113', '0', '33', '3');
INSERT INTO `place` VALUES ('2513', '030113', '0', '31', '3');
INSERT INTO `place` VALUES ('2514', '030113', '0', '32', '3');
INSERT INTO `place` VALUES ('2515', '030113', '0', '30', '3');
INSERT INTO `place` VALUES ('2516', '030113', '0', '29', '3');
INSERT INTO `place` VALUES ('2517', '030113', '0', '28', '3');
INSERT INTO `place` VALUES ('2518', '030113', '0', '27', '3');
INSERT INTO `place` VALUES ('2519', '030114', '0', '25', '3');
INSERT INTO `place` VALUES ('2520', '030114', '0', '27', '3');
INSERT INTO `place` VALUES ('2521', '030115', '0', '27', '3');
INSERT INTO `place` VALUES ('2522', '030114', '0', '30', '3');
INSERT INTO `place` VALUES ('2523', '030114', '0', '31', '3');
INSERT INTO `place` VALUES ('2524', '030114', '0', '33', '3');
INSERT INTO `place` VALUES ('2525', '030114', '0', '28', '3');
INSERT INTO `place` VALUES ('2526', '030114', '0', '29', '3');
INSERT INTO `place` VALUES ('2527', '030115', '0', '25', '3');
INSERT INTO `place` VALUES ('2528', '030115', '0', '26', '3');
INSERT INTO `place` VALUES ('2529', '030114', '0', '32', '3');
INSERT INTO `place` VALUES ('2530', '030115', '0', '28', '3');
INSERT INTO `place` VALUES ('2531', '030116', '0', '25', '3');
INSERT INTO `place` VALUES ('2532', '030116', '0', '28', '3');
INSERT INTO `place` VALUES ('2533', '030116', '0', '26', '3');
INSERT INTO `place` VALUES ('2534', '030116', '0', '27', '3');
INSERT INTO `place` VALUES ('2535', '030115', '0', '30', '3');
INSERT INTO `place` VALUES ('2536', '030115', '0', '29', '3');
INSERT INTO `place` VALUES ('2537', '030115', '0', '33', '3');
INSERT INTO `place` VALUES ('2538', '030115', '0', '31', '3');
INSERT INTO `place` VALUES ('2539', '030115', '0', '32', '3');
INSERT INTO `place` VALUES ('2540', '030116', '0', '29', '3');
INSERT INTO `place` VALUES ('2541', '030117', '0', '29', '3');
INSERT INTO `place` VALUES ('2542', '030117', '0', '27', '3');
INSERT INTO `place` VALUES ('2543', '030117', '0', '25', '3');
INSERT INTO `place` VALUES ('2544', '030117', '0', '28', '3');
INSERT INTO `place` VALUES ('2545', '030116', '0', '30', '3');
INSERT INTO `place` VALUES ('2546', '030116', '0', '31', '3');
INSERT INTO `place` VALUES ('2547', '030116', '0', '33', '3');
INSERT INTO `place` VALUES ('2548', '030116', '0', '32', '3');
INSERT INTO `place` VALUES ('2549', '030117', '0', '26', '3');
INSERT INTO `place` VALUES ('2550', '030117', '0', '30', '3');
INSERT INTO `place` VALUES ('2551', '030118', '0', '30', '3');
INSERT INTO `place` VALUES ('2552', '030118', '0', '28', '3');
INSERT INTO `place` VALUES ('2553', '030118', '0', '29', '3');
INSERT INTO `place` VALUES ('2554', '030118', '0', '27', '3');
INSERT INTO `place` VALUES ('2555', '030117', '0', '33', '3');
INSERT INTO `place` VALUES ('2556', '030118', '0', '26', '3');
INSERT INTO `place` VALUES ('2557', '030118', '0', '25', '3');
INSERT INTO `place` VALUES ('2558', '030117', '0', '31', '3');
INSERT INTO `place` VALUES ('2559', '030117', '0', '32', '3');
INSERT INTO `place` VALUES ('2560', '030118', '0', '31', '3');
INSERT INTO `place` VALUES ('2561', '030119', '0', '31', '3');
INSERT INTO `place` VALUES ('2562', '030119', '0', '30', '3');
INSERT INTO `place` VALUES ('2563', '030118', '0', '33', '3');
INSERT INTO `place` VALUES ('2564', '030119', '0', '29', '3');
INSERT INTO `place` VALUES ('2565', '030119', '0', '27', '3');
INSERT INTO `place` VALUES ('2566', '030119', '0', '28', '3');
INSERT INTO `place` VALUES ('2567', '030119', '0', '26', '3');
INSERT INTO `place` VALUES ('2568', '030118', '0', '32', '3');
INSERT INTO `place` VALUES ('2569', '030119', '0', '25', '3');
INSERT INTO `place` VALUES ('2570', '030119', '0', '32', '3');
INSERT INTO `place` VALUES ('2571', '030120', '0', '32', '3');
INSERT INTO `place` VALUES ('2572', '030120', '0', '30', '3');
INSERT INTO `place` VALUES ('2573', '030120', '0', '31', '3');
INSERT INTO `place` VALUES ('2574', '030120', '0', '29', '3');
INSERT INTO `place` VALUES ('2575', '030120', '0', '28', '3');
INSERT INTO `place` VALUES ('2576', '030120', '0', '27', '3');
INSERT INTO `place` VALUES ('2577', '030120', '0', '26', '3');
INSERT INTO `place` VALUES ('2578', '030120', '0', '25', '3');
INSERT INTO `place` VALUES ('2579', '030119', '0', '33', '3');
INSERT INTO `place` VALUES ('2580', '030120', '0', '33', '3');
INSERT INTO `place` VALUES ('2581', '030201', '0', '26', '3');
INSERT INTO `place` VALUES ('2582', '030201', '0', '33', '3');
INSERT INTO `place` VALUES ('2583', '030201', '0', '25', '3');
INSERT INTO `place` VALUES ('2584', '030201', '0', '27', '3');
INSERT INTO `place` VALUES ('2585', '030201', '0', '31', '3');
INSERT INTO `place` VALUES ('2586', '030201', '0', '30', '3');
INSERT INTO `place` VALUES ('2587', '030201', '0', '28', '3');
INSERT INTO `place` VALUES ('2588', '030201', '0', '29', '3');
INSERT INTO `place` VALUES ('2589', '030201', '0', '32', '3');
INSERT INTO `place` VALUES ('2590', '030202', '0', '25', '3');
INSERT INTO `place` VALUES ('2591', '030203', '0', '25', '3');
INSERT INTO `place` VALUES ('2592', '030202', '0', '27', '3');
INSERT INTO `place` VALUES ('2593', '030202', '0', '26', '3');
INSERT INTO `place` VALUES ('2594', '030202', '0', '29', '3');
INSERT INTO `place` VALUES ('2595', '030202', '0', '28', '3');
INSERT INTO `place` VALUES ('2596', '030202', '0', '30', '3');
INSERT INTO `place` VALUES ('2597', '030202', '0', '31', '3');
INSERT INTO `place` VALUES ('2598', '030202', '0', '32', '3');
INSERT INTO `place` VALUES ('2599', '030202', '0', '33', '3');
INSERT INTO `place` VALUES ('2600', '030203', '0', '26', '3');
INSERT INTO `place` VALUES ('2601', '030204', '0', '25', '3');
INSERT INTO `place` VALUES ('2602', '030203', '0', '30', '3');
INSERT INTO `place` VALUES ('2603', '030203', '0', '27', '3');
INSERT INTO `place` VALUES ('2604', '030203', '0', '28', '3');
INSERT INTO `place` VALUES ('2605', '030203', '0', '29', '3');
INSERT INTO `place` VALUES ('2606', '030203', '0', '32', '3');
INSERT INTO `place` VALUES ('2607', '030203', '0', '31', '3');
INSERT INTO `place` VALUES ('2608', '030203', '0', '33', '3');
INSERT INTO `place` VALUES ('2609', '030204', '0', '26', '3');
INSERT INTO `place` VALUES ('2610', '030204', '0', '27', '3');
INSERT INTO `place` VALUES ('2611', '030204', '0', '29', '3');
INSERT INTO `place` VALUES ('2612', '030204', '0', '33', '3');
INSERT INTO `place` VALUES ('2613', '030204', '0', '30', '3');
INSERT INTO `place` VALUES ('2614', '030204', '0', '32', '3');
INSERT INTO `place` VALUES ('2615', '030205', '0', '26', '3');
INSERT INTO `place` VALUES ('2616', '030204', '0', '31', '3');
INSERT INTO `place` VALUES ('2617', '030205', '0', '27', '3');
INSERT INTO `place` VALUES ('2618', '030205', '0', '25', '3');
INSERT INTO `place` VALUES ('2619', '030204', '0', '28', '3');
INSERT INTO `place` VALUES ('2620', '030205', '0', '28', '3');
INSERT INTO `place` VALUES ('2621', '030206', '0', '28', '3');
INSERT INTO `place` VALUES ('2622', '030205', '0', '29', '3');
INSERT INTO `place` VALUES ('2623', '030205', '0', '30', '3');
INSERT INTO `place` VALUES ('2624', '030205', '0', '32', '3');
INSERT INTO `place` VALUES ('2625', '030205', '0', '31', '3');
INSERT INTO `place` VALUES ('2626', '030205', '0', '33', '3');
INSERT INTO `place` VALUES ('2627', '030206', '0', '25', '3');
INSERT INTO `place` VALUES ('2628', '030206', '0', '26', '3');
INSERT INTO `place` VALUES ('2629', '030206', '0', '27', '3');
INSERT INTO `place` VALUES ('2630', '030206', '0', '29', '3');
INSERT INTO `place` VALUES ('2631', '030207', '0', '27', '3');
INSERT INTO `place` VALUES ('2632', '030207', '0', '28', '3');
INSERT INTO `place` VALUES ('2633', '030207', '0', '29', '3');
INSERT INTO `place` VALUES ('2634', '030206', '0', '30', '3');
INSERT INTO `place` VALUES ('2635', '030206', '0', '31', '3');
INSERT INTO `place` VALUES ('2636', '030206', '0', '32', '3');
INSERT INTO `place` VALUES ('2637', '030206', '0', '33', '3');
INSERT INTO `place` VALUES ('2638', '030207', '0', '25', '3');
INSERT INTO `place` VALUES ('2639', '030207', '0', '26', '3');
INSERT INTO `place` VALUES ('2640', '030207', '0', '30', '3');
INSERT INTO `place` VALUES ('2641', '030208', '0', '30', '3');
INSERT INTO `place` VALUES ('2642', '030207', '0', '32', '3');
INSERT INTO `place` VALUES ('2643', '030207', '0', '31', '3');
INSERT INTO `place` VALUES ('2644', '030207', '0', '33', '3');
INSERT INTO `place` VALUES ('2645', '030208', '0', '25', '3');
INSERT INTO `place` VALUES ('2646', '030208', '0', '26', '3');
INSERT INTO `place` VALUES ('2647', '030208', '0', '27', '3');
INSERT INTO `place` VALUES ('2648', '030208', '0', '29', '3');
INSERT INTO `place` VALUES ('2649', '030208', '0', '28', '3');
INSERT INTO `place` VALUES ('2650', '030208', '0', '31', '3');
INSERT INTO `place` VALUES ('2651', '030209', '0', '31', '3');
INSERT INTO `place` VALUES ('2652', '030208', '0', '33', '3');
INSERT INTO `place` VALUES ('2653', '030208', '0', '32', '3');
INSERT INTO `place` VALUES ('2654', '030209', '0', '25', '3');
INSERT INTO `place` VALUES ('2655', '030209', '0', '27', '3');
INSERT INTO `place` VALUES ('2656', '030209', '0', '28', '3');
INSERT INTO `place` VALUES ('2657', '030209', '0', '26', '3');
INSERT INTO `place` VALUES ('2658', '030209', '0', '30', '3');
INSERT INTO `place` VALUES ('2659', '030209', '0', '29', '3');
INSERT INTO `place` VALUES ('2660', '030209', '0', '32', '3');
INSERT INTO `place` VALUES ('2661', '030210', '0', '32', '3');
INSERT INTO `place` VALUES ('2662', '030209', '0', '33', '3');
INSERT INTO `place` VALUES ('2663', '030210', '0', '29', '3');
INSERT INTO `place` VALUES ('2664', '030210', '0', '25', '3');
INSERT INTO `place` VALUES ('2665', '030210', '0', '26', '3');
INSERT INTO `place` VALUES ('2666', '030210', '0', '27', '3');
INSERT INTO `place` VALUES ('2667', '030210', '0', '28', '3');
INSERT INTO `place` VALUES ('2668', '030210', '0', '30', '3');
INSERT INTO `place` VALUES ('2669', '030210', '0', '31', '3');
INSERT INTO `place` VALUES ('2670', '030210', '0', '33', '3');
INSERT INTO `place` VALUES ('2671', '030211', '0', '31', '3');
INSERT INTO `place` VALUES ('2672', '030211', '0', '33', '3');
INSERT INTO `place` VALUES ('2673', '030211', '0', '26', '3');
INSERT INTO `place` VALUES ('2674', '030211', '0', '32', '3');
INSERT INTO `place` VALUES ('2675', '030211', '0', '28', '3');
INSERT INTO `place` VALUES ('2676', '030211', '0', '25', '3');
INSERT INTO `place` VALUES ('2677', '030211', '0', '27', '3');
INSERT INTO `place` VALUES ('2678', '030211', '0', '30', '3');
INSERT INTO `place` VALUES ('2679', '030211', '0', '29', '3');
INSERT INTO `place` VALUES ('2680', '030212', '0', '25', '3');
INSERT INTO `place` VALUES ('2681', '030213', '0', '25', '3');
INSERT INTO `place` VALUES ('2682', '030212', '0', '33', '3');
INSERT INTO `place` VALUES ('2683', '030212', '0', '26', '3');
INSERT INTO `place` VALUES ('2684', '030212', '0', '27', '3');
INSERT INTO `place` VALUES ('2685', '030212', '0', '32', '3');
INSERT INTO `place` VALUES ('2686', '030212', '0', '31', '3');
INSERT INTO `place` VALUES ('2687', '030212', '0', '28', '3');
INSERT INTO `place` VALUES ('2688', '030212', '0', '29', '3');
INSERT INTO `place` VALUES ('2689', '030212', '0', '30', '3');
INSERT INTO `place` VALUES ('2690', '030213', '0', '26', '3');
INSERT INTO `place` VALUES ('2691', '030214', '0', '26', '3');
INSERT INTO `place` VALUES ('2692', '030213', '0', '32', '3');
INSERT INTO `place` VALUES ('2693', '030213', '0', '33', '3');
INSERT INTO `place` VALUES ('2694', '030213', '0', '28', '3');
INSERT INTO `place` VALUES ('2695', '030213', '0', '30', '3');
INSERT INTO `place` VALUES ('2696', '030213', '0', '29', '3');
INSERT INTO `place` VALUES ('2697', '030213', '0', '31', '3');
INSERT INTO `place` VALUES ('2698', '030214', '0', '25', '3');
INSERT INTO `place` VALUES ('2699', '030213', '0', '27', '3');
INSERT INTO `place` VALUES ('2700', '030214', '0', '27', '3');
INSERT INTO `place` VALUES ('2701', '030215', '0', '26', '3');
INSERT INTO `place` VALUES ('2702', '030214', '0', '29', '3');
INSERT INTO `place` VALUES ('2703', '030214', '0', '28', '3');
INSERT INTO `place` VALUES ('2704', '030214', '0', '31', '3');
INSERT INTO `place` VALUES ('2705', '030214', '0', '30', '3');
INSERT INTO `place` VALUES ('2706', '030214', '0', '33', '3');
INSERT INTO `place` VALUES ('2707', '030214', '0', '32', '3');
INSERT INTO `place` VALUES ('2708', '030215', '0', '27', '3');
INSERT INTO `place` VALUES ('2709', '030215', '0', '25', '3');
INSERT INTO `place` VALUES ('2710', '030215', '0', '28', '3');
INSERT INTO `place` VALUES ('2711', '030216', '0', '27', '3');
INSERT INTO `place` VALUES ('2712', '030216', '0', '28', '3');
INSERT INTO `place` VALUES ('2713', '030216', '0', '26', '3');
INSERT INTO `place` VALUES ('2714', '030215', '0', '30', '3');
INSERT INTO `place` VALUES ('2715', '030215', '0', '29', '3');
INSERT INTO `place` VALUES ('2716', '030215', '0', '31', '3');
INSERT INTO `place` VALUES ('2717', '030216', '0', '25', '3');
INSERT INTO `place` VALUES ('2718', '030215', '0', '33', '3');
INSERT INTO `place` VALUES ('2719', '030215', '0', '32', '3');
INSERT INTO `place` VALUES ('2720', '030216', '0', '29', '3');
INSERT INTO `place` VALUES ('2721', '030217', '0', '28', '3');
INSERT INTO `place` VALUES ('2722', '030216', '0', '31', '3');
INSERT INTO `place` VALUES ('2723', '030216', '0', '30', '3');
INSERT INTO `place` VALUES ('2724', '030216', '0', '32', '3');
INSERT INTO `place` VALUES ('2725', '030216', '0', '33', '3');
INSERT INTO `place` VALUES ('2726', '030217', '0', '26', '3');
INSERT INTO `place` VALUES ('2727', '030217', '0', '25', '3');
INSERT INTO `place` VALUES ('2728', '030217', '0', '29', '3');
INSERT INTO `place` VALUES ('2729', '030217', '0', '27', '3');
INSERT INTO `place` VALUES ('2730', '030217', '0', '30', '3');
INSERT INTO `place` VALUES ('2731', '030218', '0', '30', '3');
INSERT INTO `place` VALUES ('2732', '030218', '0', '28', '3');
INSERT INTO `place` VALUES ('2733', '030218', '0', '29', '3');
INSERT INTO `place` VALUES ('2734', '030217', '0', '31', '3');
INSERT INTO `place` VALUES ('2735', '030218', '0', '25', '3');
INSERT INTO `place` VALUES ('2736', '030217', '0', '33', '3');
INSERT INTO `place` VALUES ('2737', '030218', '0', '26', '3');
INSERT INTO `place` VALUES ('2738', '030217', '0', '32', '3');
INSERT INTO `place` VALUES ('2739', '030218', '0', '27', '3');
INSERT INTO `place` VALUES ('2740', '030218', '0', '31', '3');
INSERT INTO `place` VALUES ('2741', '030219', '0', '25', '3');
INSERT INTO `place` VALUES ('2742', '030219', '0', '29', '3');
INSERT INTO `place` VALUES ('2743', '030219', '0', '31', '3');
INSERT INTO `place` VALUES ('2744', '030219', '0', '26', '3');
INSERT INTO `place` VALUES ('2745', '030219', '0', '27', '3');
INSERT INTO `place` VALUES ('2746', '030219', '0', '28', '3');
INSERT INTO `place` VALUES ('2747', '030219', '0', '30', '3');
INSERT INTO `place` VALUES ('2748', '030218', '0', '32', '3');
INSERT INTO `place` VALUES ('2749', '030218', '0', '33', '3');
INSERT INTO `place` VALUES ('2750', '030219', '0', '32', '3');
INSERT INTO `place` VALUES ('2751', '030220', '0', '32', '3');
INSERT INTO `place` VALUES ('2752', '030220', '0', '25', '3');
INSERT INTO `place` VALUES ('2753', '030219', '0', '33', '3');
INSERT INTO `place` VALUES ('2754', '030220', '0', '26', '3');
INSERT INTO `place` VALUES ('2755', '030220', '0', '28', '3');
INSERT INTO `place` VALUES ('2756', '030220', '0', '29', '3');
INSERT INTO `place` VALUES ('2757', '030220', '0', '27', '3');
INSERT INTO `place` VALUES ('2758', '030220', '0', '31', '3');
INSERT INTO `place` VALUES ('2759', '030220', '0', '30', '3');
INSERT INTO `place` VALUES ('2760', '030220', '0', '33', '3');
INSERT INTO `place` VALUES ('2761', '030301', '0', '33', '3');
INSERT INTO `place` VALUES ('2762', '030301', '0', '25', '3');
INSERT INTO `place` VALUES ('2763', '030301', '0', '26', '3');
INSERT INTO `place` VALUES ('2764', '030301', '0', '28', '3');
INSERT INTO `place` VALUES ('2765', '030301', '0', '27', '3');
INSERT INTO `place` VALUES ('2766', '030301', '0', '29', '3');
INSERT INTO `place` VALUES ('2767', '030301', '0', '30', '3');
INSERT INTO `place` VALUES ('2768', '030301', '0', '31', '3');
INSERT INTO `place` VALUES ('2769', '030301', '0', '32', '3');
INSERT INTO `place` VALUES ('2770', '030302', '0', '25', '3');
INSERT INTO `place` VALUES ('2771', '030303', '0', '25', '3');
INSERT INTO `place` VALUES ('2772', '030302', '0', '26', '3');
INSERT INTO `place` VALUES ('2773', '030302', '0', '27', '3');
INSERT INTO `place` VALUES ('2774', '030302', '0', '28', '3');
INSERT INTO `place` VALUES ('2775', '030302', '0', '29', '3');
INSERT INTO `place` VALUES ('2776', '030302', '0', '30', '3');
INSERT INTO `place` VALUES ('2777', '030302', '0', '31', '3');
INSERT INTO `place` VALUES ('2778', '030302', '0', '32', '3');
INSERT INTO `place` VALUES ('2779', '030302', '0', '33', '3');
INSERT INTO `place` VALUES ('2780', '030303', '0', '26', '3');
INSERT INTO `place` VALUES ('2781', '030303', '0', '33', '3');
INSERT INTO `place` VALUES ('2782', '030304', '0', '25', '3');
INSERT INTO `place` VALUES ('2783', '030303', '0', '30', '3');
INSERT INTO `place` VALUES ('2784', '030303', '0', '32', '3');
INSERT INTO `place` VALUES ('2785', '030303', '0', '31', '3');
INSERT INTO `place` VALUES ('2786', '030304', '0', '26', '3');
INSERT INTO `place` VALUES ('2787', '030303', '0', '29', '3');
INSERT INTO `place` VALUES ('2788', '030303', '0', '28', '3');
INSERT INTO `place` VALUES ('2789', '030303', '0', '27', '3');
INSERT INTO `place` VALUES ('2790', '030304', '0', '27', '3');
INSERT INTO `place` VALUES ('2791', '030304', '0', '33', '3');
INSERT INTO `place` VALUES ('2792', '030304', '0', '28', '3');
INSERT INTO `place` VALUES ('2793', '030304', '0', '30', '3');
INSERT INTO `place` VALUES ('2794', '030304', '0', '29', '3');
INSERT INTO `place` VALUES ('2795', '030304', '0', '32', '3');
INSERT INTO `place` VALUES ('2796', '030305', '0', '27', '3');
INSERT INTO `place` VALUES ('2797', '030305', '0', '25', '3');
INSERT INTO `place` VALUES ('2798', '030305', '0', '26', '3');
INSERT INTO `place` VALUES ('2799', '030304', '0', '31', '3');
INSERT INTO `place` VALUES ('2800', '030305', '0', '28', '3');
INSERT INTO `place` VALUES ('2801', '030306', '0', '27', '3');
INSERT INTO `place` VALUES ('2802', '030306', '0', '25', '3');
INSERT INTO `place` VALUES ('2803', '030305', '0', '31', '3');
INSERT INTO `place` VALUES ('2804', '030305', '0', '33', '3');
INSERT INTO `place` VALUES ('2805', '030305', '0', '30', '3');
INSERT INTO `place` VALUES ('2806', '030305', '0', '29', '3');
INSERT INTO `place` VALUES ('2807', '030306', '0', '28', '3');
INSERT INTO `place` VALUES ('2808', '030306', '0', '26', '3');
INSERT INTO `place` VALUES ('2809', '030305', '0', '32', '3');
INSERT INTO `place` VALUES ('2810', '030306', '0', '29', '3');
INSERT INTO `place` VALUES ('2811', '030307', '0', '25', '3');
INSERT INTO `place` VALUES ('2812', '030307', '0', '26', '3');
INSERT INTO `place` VALUES ('2813', '030307', '0', '29', '3');
INSERT INTO `place` VALUES ('2814', '030306', '0', '30', '3');
INSERT INTO `place` VALUES ('2815', '030306', '0', '31', '3');
INSERT INTO `place` VALUES ('2816', '030306', '0', '32', '3');
INSERT INTO `place` VALUES ('2817', '030307', '0', '28', '3');
INSERT INTO `place` VALUES ('2818', '030306', '0', '33', '3');
INSERT INTO `place` VALUES ('2819', '030307', '0', '27', '3');
INSERT INTO `place` VALUES ('2820', '030307', '0', '30', '3');
INSERT INTO `place` VALUES ('2821', '030308', '0', '26', '3');
INSERT INTO `place` VALUES ('2822', '030308', '0', '30', '3');
INSERT INTO `place` VALUES ('2823', '030308', '0', '25', '3');
INSERT INTO `place` VALUES ('2824', '030307', '0', '33', '3');
INSERT INTO `place` VALUES ('2825', '030307', '0', '32', '3');
INSERT INTO `place` VALUES ('2826', '030307', '0', '31', '3');
INSERT INTO `place` VALUES ('2827', '030308', '0', '27', '3');
INSERT INTO `place` VALUES ('2828', '030308', '0', '28', '3');
INSERT INTO `place` VALUES ('2829', '030308', '0', '29', '3');
INSERT INTO `place` VALUES ('2830', '030308', '0', '31', '3');
INSERT INTO `place` VALUES ('2831', '030308', '0', '33', '3');
INSERT INTO `place` VALUES ('2832', '030309', '0', '30', '3');
INSERT INTO `place` VALUES ('2833', '030309', '0', '29', '3');
INSERT INTO `place` VALUES ('2834', '030309', '0', '31', '3');
INSERT INTO `place` VALUES ('2835', '030308', '0', '32', '3');
INSERT INTO `place` VALUES ('2836', '030309', '0', '25', '3');
INSERT INTO `place` VALUES ('2837', '030309', '0', '28', '3');
INSERT INTO `place` VALUES ('2838', '030309', '0', '27', '3');
INSERT INTO `place` VALUES ('2839', '030309', '0', '26', '3');
INSERT INTO `place` VALUES ('2840', '030309', '0', '32', '3');
INSERT INTO `place` VALUES ('2841', '030310', '0', '32', '3');
INSERT INTO `place` VALUES ('2842', '030309', '0', '33', '3');
INSERT INTO `place` VALUES ('2843', '030310', '0', '25', '3');
INSERT INTO `place` VALUES ('2844', '030310', '0', '27', '3');
INSERT INTO `place` VALUES ('2845', '030310', '0', '26', '3');
INSERT INTO `place` VALUES ('2846', '030310', '0', '29', '3');
INSERT INTO `place` VALUES ('2847', '030310', '0', '28', '3');
INSERT INTO `place` VALUES ('2848', '030310', '0', '31', '3');
INSERT INTO `place` VALUES ('2849', '030310', '0', '30', '3');
INSERT INTO `place` VALUES ('2850', '030310', '0', '33', '3');
INSERT INTO `place` VALUES ('2851', '030311', '0', '25', '3');
INSERT INTO `place` VALUES ('2852', '030311', '0', '32', '3');
INSERT INTO `place` VALUES ('2853', '030311', '0', '30', '3');
INSERT INTO `place` VALUES ('2854', '030311', '0', '31', '3');
INSERT INTO `place` VALUES ('2855', '030311', '0', '29', '3');
INSERT INTO `place` VALUES ('2856', '030311', '0', '33', '3');
INSERT INTO `place` VALUES ('2857', '030311', '0', '28', '3');
INSERT INTO `place` VALUES ('2858', '030311', '0', '27', '3');
INSERT INTO `place` VALUES ('2859', '030311', '0', '26', '3');
INSERT INTO `place` VALUES ('2860', '030312', '0', '25', '3');
INSERT INTO `place` VALUES ('2861', '030313', '0', '25', '3');
INSERT INTO `place` VALUES ('2862', '030312', '0', '28', '3');
INSERT INTO `place` VALUES ('2863', '030312', '0', '26', '3');
INSERT INTO `place` VALUES ('2864', '030312', '0', '27', '3');
INSERT INTO `place` VALUES ('2865', '030312', '0', '29', '3');
INSERT INTO `place` VALUES ('2866', '030312', '0', '31', '3');
INSERT INTO `place` VALUES ('2867', '030312', '0', '30', '3');
INSERT INTO `place` VALUES ('2868', '030312', '0', '33', '3');
INSERT INTO `place` VALUES ('2869', '030312', '0', '32', '3');
INSERT INTO `place` VALUES ('2870', '030313', '0', '26', '3');
INSERT INTO `place` VALUES ('2871', '030314', '0', '26', '3');
INSERT INTO `place` VALUES ('2872', '030313', '0', '27', '3');
INSERT INTO `place` VALUES ('2873', '030313', '0', '28', '3');
INSERT INTO `place` VALUES ('2874', '030313', '0', '30', '3');
INSERT INTO `place` VALUES ('2875', '030313', '0', '29', '3');
INSERT INTO `place` VALUES ('2876', '030313', '0', '32', '3');
INSERT INTO `place` VALUES ('2877', '030313', '0', '31', '3');
INSERT INTO `place` VALUES ('2878', '030314', '0', '25', '3');
INSERT INTO `place` VALUES ('2879', '030313', '0', '33', '3');
INSERT INTO `place` VALUES ('2880', '030314', '0', '27', '3');
INSERT INTO `place` VALUES ('2881', '030314', '0', '33', '3');
INSERT INTO `place` VALUES ('2882', '030315', '0', '26', '3');
INSERT INTO `place` VALUES ('2883', '030315', '0', '27', '3');
INSERT INTO `place` VALUES ('2884', '030314', '0', '29', '3');
INSERT INTO `place` VALUES ('2885', '030314', '0', '30', '3');
INSERT INTO `place` VALUES ('2886', '030314', '0', '31', '3');
INSERT INTO `place` VALUES ('2887', '030314', '0', '32', '3');
INSERT INTO `place` VALUES ('2888', '030315', '0', '25', '3');
INSERT INTO `place` VALUES ('2889', '030314', '0', '28', '3');
INSERT INTO `place` VALUES ('2890', '030315', '0', '28', '3');
INSERT INTO `place` VALUES ('2891', '030316', '0', '28', '3');
INSERT INTO `place` VALUES ('2892', '030315', '0', '29', '3');
INSERT INTO `place` VALUES ('2893', '030315', '0', '30', '3');
INSERT INTO `place` VALUES ('2894', '030315', '0', '31', '3');
INSERT INTO `place` VALUES ('2895', '030315', '0', '32', '3');
INSERT INTO `place` VALUES ('2896', '030315', '0', '33', '3');
INSERT INTO `place` VALUES ('2897', '030316', '0', '25', '3');
INSERT INTO `place` VALUES ('2898', '030316', '0', '26', '3');
INSERT INTO `place` VALUES ('2899', '030316', '0', '27', '3');
INSERT INTO `place` VALUES ('2900', '030316', '0', '29', '3');
INSERT INTO `place` VALUES ('2901', '030317', '0', '28', '3');
INSERT INTO `place` VALUES ('2902', '030317', '0', '27', '3');
INSERT INTO `place` VALUES ('2903', '030316', '0', '33', '3');
INSERT INTO `place` VALUES ('2904', '030316', '0', '32', '3');
INSERT INTO `place` VALUES ('2905', '030317', '0', '25', '3');
INSERT INTO `place` VALUES ('2906', '030316', '0', '30', '3');
INSERT INTO `place` VALUES ('2907', '030316', '0', '31', '3');
INSERT INTO `place` VALUES ('2908', '030317', '0', '29', '3');
INSERT INTO `place` VALUES ('2909', '030317', '0', '26', '3');
INSERT INTO `place` VALUES ('2910', '030317', '0', '30', '3');
INSERT INTO `place` VALUES ('2911', '030318', '0', '30', '3');
INSERT INTO `place` VALUES ('2912', '030318', '0', '28', '3');
INSERT INTO `place` VALUES ('2913', '030318', '0', '29', '3');
INSERT INTO `place` VALUES ('2914', '030318', '0', '26', '3');
INSERT INTO `place` VALUES ('2915', '030318', '0', '25', '3');
INSERT INTO `place` VALUES ('2916', '030317', '0', '32', '3');
INSERT INTO `place` VALUES ('2917', '030318', '0', '27', '3');
INSERT INTO `place` VALUES ('2918', '030317', '0', '33', '3');
INSERT INTO `place` VALUES ('2919', '030317', '0', '31', '3');
INSERT INTO `place` VALUES ('2920', '030318', '0', '31', '3');
INSERT INTO `place` VALUES ('2921', '030319', '0', '31', '3');
INSERT INTO `place` VALUES ('2922', '030319', '0', '27', '3');
INSERT INTO `place` VALUES ('2923', '030319', '0', '26', '3');
INSERT INTO `place` VALUES ('2924', '030319', '0', '25', '3');
INSERT INTO `place` VALUES ('2925', '030318', '0', '32', '3');
INSERT INTO `place` VALUES ('2926', '030318', '0', '33', '3');
INSERT INTO `place` VALUES ('2927', '030319', '0', '29', '3');
INSERT INTO `place` VALUES ('2928', '030319', '0', '30', '3');
INSERT INTO `place` VALUES ('2929', '030319', '0', '28', '3');
INSERT INTO `place` VALUES ('2930', '030319', '0', '32', '3');
INSERT INTO `place` VALUES ('2931', '030320', '0', '31', '3');
INSERT INTO `place` VALUES ('2932', '030320', '0', '25', '3');
INSERT INTO `place` VALUES ('2933', '030320', '0', '32', '3');
INSERT INTO `place` VALUES ('2934', '030320', '0', '30', '3');
INSERT INTO `place` VALUES ('2935', '030320', '0', '29', '3');
INSERT INTO `place` VALUES ('2936', '030320', '0', '27', '3');
INSERT INTO `place` VALUES ('2937', '030320', '0', '28', '3');
INSERT INTO `place` VALUES ('2938', '030319', '0', '33', '3');
INSERT INTO `place` VALUES ('2939', '030320', '0', '26', '3');
INSERT INTO `place` VALUES ('2940', '030320', '0', '33', '3');
INSERT INTO `place` VALUES ('2941', '030401', '0', '33', '3');
INSERT INTO `place` VALUES ('2942', '030401', '0', '26', '3');
INSERT INTO `place` VALUES ('2943', '030401', '0', '25', '3');
INSERT INTO `place` VALUES ('2944', '030401', '0', '27', '3');
INSERT INTO `place` VALUES ('2945', '030401', '0', '28', '3');
INSERT INTO `place` VALUES ('2946', '030401', '0', '29', '3');
INSERT INTO `place` VALUES ('2947', '030401', '0', '30', '3');
INSERT INTO `place` VALUES ('2948', '030401', '0', '31', '3');
INSERT INTO `place` VALUES ('2949', '030401', '0', '32', '3');
INSERT INTO `place` VALUES ('2950', '030402', '0', '25', '3');
INSERT INTO `place` VALUES ('2951', '030403', '0', '25', '3');
INSERT INTO `place` VALUES ('2952', '030402', '0', '31', '3');
INSERT INTO `place` VALUES ('2953', '030402', '0', '33', '3');
INSERT INTO `place` VALUES ('2954', '030402', '0', '30', '3');
INSERT INTO `place` VALUES ('2955', '030402', '0', '29', '3');
INSERT INTO `place` VALUES ('2956', '030402', '0', '27', '3');
INSERT INTO `place` VALUES ('2957', '030402', '0', '28', '3');
INSERT INTO `place` VALUES ('2958', '030402', '0', '26', '3');
INSERT INTO `place` VALUES ('2959', '030402', '0', '32', '3');
INSERT INTO `place` VALUES ('2960', '030403', '0', '26', '3');
INSERT INTO `place` VALUES ('2961', '030404', '0', '26', '3');
INSERT INTO `place` VALUES ('2962', '030403', '0', '27', '3');
INSERT INTO `place` VALUES ('2963', '030403', '0', '28', '3');
INSERT INTO `place` VALUES ('2964', '030403', '0', '32', '3');
INSERT INTO `place` VALUES ('2965', '030403', '0', '31', '3');
INSERT INTO `place` VALUES ('2966', '030403', '0', '33', '3');
INSERT INTO `place` VALUES ('2967', '030404', '0', '25', '3');
INSERT INTO `place` VALUES ('2968', '030403', '0', '29', '3');
INSERT INTO `place` VALUES ('2969', '030403', '0', '30', '3');
INSERT INTO `place` VALUES ('2970', '030404', '0', '27', '3');
INSERT INTO `place` VALUES ('2971', '030405', '0', '27', '3');
INSERT INTO `place` VALUES ('2972', '030405', '0', '26', '3');
INSERT INTO `place` VALUES ('2973', '030405', '0', '25', '3');
INSERT INTO `place` VALUES ('2974', '030404', '0', '29', '3');
INSERT INTO `place` VALUES ('2975', '030404', '0', '33', '3');
INSERT INTO `place` VALUES ('2976', '030404', '0', '28', '3');
INSERT INTO `place` VALUES ('2977', '030404', '0', '30', '3');
INSERT INTO `place` VALUES ('2978', '030404', '0', '32', '3');
INSERT INTO `place` VALUES ('2979', '030404', '0', '31', '3');
INSERT INTO `place` VALUES ('2980', '030405', '0', '28', '3');
INSERT INTO `place` VALUES ('2981', '030406', '0', '28', '3');
INSERT INTO `place` VALUES ('2982', '030405', '0', '30', '3');
INSERT INTO `place` VALUES ('2983', '030405', '0', '29', '3');
INSERT INTO `place` VALUES ('2984', '030405', '0', '32', '3');
INSERT INTO `place` VALUES ('2985', '030405', '0', '31', '3');
INSERT INTO `place` VALUES ('2986', '030405', '0', '33', '3');
INSERT INTO `place` VALUES ('2987', '030406', '0', '25', '3');
INSERT INTO `place` VALUES ('2988', '030406', '0', '26', '3');
INSERT INTO `place` VALUES ('2989', '030406', '0', '27', '3');
INSERT INTO `place` VALUES ('2990', '030406', '0', '29', '3');
INSERT INTO `place` VALUES ('2991', '030407', '0', '28', '3');
INSERT INTO `place` VALUES ('2992', '030406', '0', '32', '3');
INSERT INTO `place` VALUES ('2993', '030406', '0', '30', '3');
INSERT INTO `place` VALUES ('2994', '030406', '0', '31', '3');
INSERT INTO `place` VALUES ('2995', '030406', '0', '33', '3');
INSERT INTO `place` VALUES ('2996', '030407', '0', '25', '3');
INSERT INTO `place` VALUES ('2997', '030407', '0', '26', '3');
INSERT INTO `place` VALUES ('2998', '030407', '0', '29', '3');
INSERT INTO `place` VALUES ('2999', '030407', '0', '27', '3');
INSERT INTO `place` VALUES ('3000', '030407', '0', '30', '3');
INSERT INTO `place` VALUES ('3001', '030408', '0', '30', '3');
INSERT INTO `place` VALUES ('3002', '030407', '0', '31', '3');
INSERT INTO `place` VALUES ('3003', '030407', '0', '32', '3');
INSERT INTO `place` VALUES ('3004', '030408', '0', '25', '3');
INSERT INTO `place` VALUES ('3005', '030407', '0', '33', '3');
INSERT INTO `place` VALUES ('3006', '030408', '0', '26', '3');
INSERT INTO `place` VALUES ('3007', '030408', '0', '27', '3');
INSERT INTO `place` VALUES ('3008', '030408', '0', '28', '3');
INSERT INTO `place` VALUES ('3009', '030408', '0', '29', '3');
INSERT INTO `place` VALUES ('3010', '030408', '0', '31', '3');
INSERT INTO `place` VALUES ('3011', '030409', '0', '29', '3');
INSERT INTO `place` VALUES ('3012', '030409', '0', '31', '3');
INSERT INTO `place` VALUES ('3013', '030409', '0', '30', '3');
INSERT INTO `place` VALUES ('3014', '030409', '0', '27', '3');
INSERT INTO `place` VALUES ('3015', '030409', '0', '28', '3');
INSERT INTO `place` VALUES ('3016', '030409', '0', '25', '3');
INSERT INTO `place` VALUES ('3017', '030409', '0', '26', '3');
INSERT INTO `place` VALUES ('3018', '030408', '0', '32', '3');
INSERT INTO `place` VALUES ('3019', '030408', '0', '33', '3');
INSERT INTO `place` VALUES ('3020', '030409', '0', '32', '3');
INSERT INTO `place` VALUES ('3021', '030410', '0', '32', '3');
INSERT INTO `place` VALUES ('3022', '030410', '0', '26', '3');
INSERT INTO `place` VALUES ('3023', '030409', '0', '33', '3');
INSERT INTO `place` VALUES ('3024', '030410', '0', '25', '3');
INSERT INTO `place` VALUES ('3025', '030410', '0', '27', '3');
INSERT INTO `place` VALUES ('3026', '030410', '0', '28', '3');
INSERT INTO `place` VALUES ('3027', '030410', '0', '29', '3');
INSERT INTO `place` VALUES ('3028', '030410', '0', '30', '3');
INSERT INTO `place` VALUES ('3029', '030410', '0', '31', '3');
INSERT INTO `place` VALUES ('3030', '030410', '0', '33', '3');
INSERT INTO `place` VALUES ('3031', '030411', '0', '32', '3');
INSERT INTO `place` VALUES ('3032', '030411', '0', '25', '3');
INSERT INTO `place` VALUES ('3033', '030411', '0', '26', '3');
INSERT INTO `place` VALUES ('3034', '030411', '0', '28', '3');
INSERT INTO `place` VALUES ('3035', '030411', '0', '30', '3');
INSERT INTO `place` VALUES ('3036', '030411', '0', '27', '3');
INSERT INTO `place` VALUES ('3037', '030411', '0', '29', '3');
INSERT INTO `place` VALUES ('3038', '030411', '0', '33', '3');
INSERT INTO `place` VALUES ('3039', '030411', '0', '31', '3');
INSERT INTO `place` VALUES ('3040', '030412', '0', '25', '3');
INSERT INTO `place` VALUES ('3041', '030412', '0', '32', '3');
INSERT INTO `place` VALUES ('3042', '030413', '0', '25', '3');
INSERT INTO `place` VALUES ('3043', '030412', '0', '33', '3');
INSERT INTO `place` VALUES ('3044', '030412', '0', '26', '3');
INSERT INTO `place` VALUES ('3045', '030412', '0', '27', '3');
INSERT INTO `place` VALUES ('3046', '030412', '0', '31', '3');
INSERT INTO `place` VALUES ('3047', '030412', '0', '30', '3');
INSERT INTO `place` VALUES ('3048', '030412', '0', '28', '3');
INSERT INTO `place` VALUES ('3049', '030412', '0', '29', '3');
INSERT INTO `place` VALUES ('3050', '030413', '0', '26', '3');
INSERT INTO `place` VALUES ('3051', '030413', '0', '31', '3');
INSERT INTO `place` VALUES ('3052', '030414', '0', '25', '3');
INSERT INTO `place` VALUES ('3053', '030413', '0', '32', '3');
INSERT INTO `place` VALUES ('3054', '030413', '0', '30', '3');
INSERT INTO `place` VALUES ('3055', '030413', '0', '33', '3');
INSERT INTO `place` VALUES ('3056', '030413', '0', '29', '3');
INSERT INTO `place` VALUES ('3057', '030414', '0', '26', '3');
INSERT INTO `place` VALUES ('3058', '030413', '0', '27', '3');
INSERT INTO `place` VALUES ('3059', '030413', '0', '28', '3');
INSERT INTO `place` VALUES ('3060', '030414', '0', '27', '3');
INSERT INTO `place` VALUES ('3061', '030415', '0', '27', '3');
INSERT INTO `place` VALUES ('3062', '030414', '0', '29', '3');
INSERT INTO `place` VALUES ('3063', '030414', '0', '30', '3');
INSERT INTO `place` VALUES ('3064', '030414', '0', '31', '3');
INSERT INTO `place` VALUES ('3065', '030414', '0', '32', '3');
INSERT INTO `place` VALUES ('3066', '030415', '0', '26', '3');
INSERT INTO `place` VALUES ('3067', '030414', '0', '28', '3');
INSERT INTO `place` VALUES ('3068', '030415', '0', '25', '3');
INSERT INTO `place` VALUES ('3069', '030414', '0', '33', '3');
INSERT INTO `place` VALUES ('3070', '030415', '0', '28', '3');
INSERT INTO `place` VALUES ('3071', '030416', '0', '25', '3');
INSERT INTO `place` VALUES ('3072', '030416', '0', '28', '3');
INSERT INTO `place` VALUES ('3073', '030415', '0', '29', '3');
INSERT INTO `place` VALUES ('3074', '030415', '0', '31', '3');
INSERT INTO `place` VALUES ('3075', '030415', '0', '33', '3');
INSERT INTO `place` VALUES ('3076', '030415', '0', '32', '3');
INSERT INTO `place` VALUES ('3077', '030416', '0', '26', '3');
INSERT INTO `place` VALUES ('3078', '030416', '0', '27', '3');
INSERT INTO `place` VALUES ('3079', '030415', '0', '30', '3');
INSERT INTO `place` VALUES ('3080', '030416', '0', '29', '3');
INSERT INTO `place` VALUES ('3081', '030416', '0', '32', '3');
INSERT INTO `place` VALUES ('3082', '030417', '0', '25', '3');
INSERT INTO `place` VALUES ('3083', '030417', '0', '26', '3');
INSERT INTO `place` VALUES ('3084', '030417', '0', '27', '3');
INSERT INTO `place` VALUES ('3085', '030416', '0', '31', '3');
INSERT INTO `place` VALUES ('3086', '030416', '0', '33', '3');
INSERT INTO `place` VALUES ('3087', '030417', '0', '28', '3');
INSERT INTO `place` VALUES ('3088', '030417', '0', '29', '3');
INSERT INTO `place` VALUES ('3089', '030416', '0', '30', '3');
INSERT INTO `place` VALUES ('3090', '030417', '0', '30', '3');
INSERT INTO `place` VALUES ('3091', '030418', '0', '29', '3');
INSERT INTO `place` VALUES ('3092', '030418', '0', '27', '3');
INSERT INTO `place` VALUES ('3093', '030418', '0', '30', '3');
INSERT INTO `place` VALUES ('3094', '030418', '0', '28', '3');
INSERT INTO `place` VALUES ('3095', '030418', '0', '25', '3');
INSERT INTO `place` VALUES ('3096', '030417', '0', '33', '3');
INSERT INTO `place` VALUES ('3097', '030418', '0', '26', '3');
INSERT INTO `place` VALUES ('3098', '030417', '0', '32', '3');
INSERT INTO `place` VALUES ('3099', '030417', '0', '31', '3');
INSERT INTO `place` VALUES ('3100', '030418', '0', '31', '3');
INSERT INTO `place` VALUES ('3101', '030419', '0', '31', '3');
INSERT INTO `place` VALUES ('3102', '030419', '0', '26', '3');
INSERT INTO `place` VALUES ('3103', '030418', '0', '32', '3');
INSERT INTO `place` VALUES ('3104', '030418', '0', '33', '3');
INSERT INTO `place` VALUES ('3105', '030419', '0', '25', '3');
INSERT INTO `place` VALUES ('3106', '030419', '0', '27', '3');
INSERT INTO `place` VALUES ('3107', '030419', '0', '28', '3');
INSERT INTO `place` VALUES ('3108', '030419', '0', '30', '3');
INSERT INTO `place` VALUES ('3109', '030419', '0', '29', '3');
INSERT INTO `place` VALUES ('3110', '030419', '0', '32', '3');
INSERT INTO `place` VALUES ('3111', '030420', '0', '26', '3');
INSERT INTO `place` VALUES ('3112', '030419', '0', '33', '3');
INSERT INTO `place` VALUES ('3113', '030420', '0', '30', '3');
INSERT INTO `place` VALUES ('3114', '030420', '0', '31', '3');
INSERT INTO `place` VALUES ('3115', '030420', '0', '32', '3');
INSERT INTO `place` VALUES ('3116', '030420', '0', '28', '3');
INSERT INTO `place` VALUES ('3117', '030420', '0', '27', '3');
INSERT INTO `place` VALUES ('3118', '030420', '0', '25', '3');
INSERT INTO `place` VALUES ('3119', '030420', '0', '29', '3');
INSERT INTO `place` VALUES ('3120', '030420', '0', '33', '3');
INSERT INTO `place` VALUES ('3121', '030501', '0', '33', '3');
INSERT INTO `place` VALUES ('3122', '030501', '0', '26', '3');
INSERT INTO `place` VALUES ('3123', '030501', '0', '25', '3');
INSERT INTO `place` VALUES ('3124', '030501', '0', '31', '3');
INSERT INTO `place` VALUES ('3125', '030501', '0', '32', '3');
INSERT INTO `place` VALUES ('3126', '030501', '0', '30', '3');
INSERT INTO `place` VALUES ('3127', '030501', '0', '29', '3');
INSERT INTO `place` VALUES ('3128', '030501', '0', '27', '3');
INSERT INTO `place` VALUES ('3129', '030501', '0', '28', '3');
INSERT INTO `place` VALUES ('3130', '030502', '0', '25', '3');
INSERT INTO `place` VALUES ('3131', '030502', '0', '33', '3');
INSERT INTO `place` VALUES ('3132', '030502', '0', '32', '3');
INSERT INTO `place` VALUES ('3133', '030503', '0', '25', '3');
INSERT INTO `place` VALUES ('3134', '030502', '0', '30', '3');
INSERT INTO `place` VALUES ('3135', '030502', '0', '31', '3');
INSERT INTO `place` VALUES ('3136', '030502', '0', '26', '3');
INSERT INTO `place` VALUES ('3137', '030502', '0', '28', '3');
INSERT INTO `place` VALUES ('3138', '030502', '0', '29', '3');
INSERT INTO `place` VALUES ('3139', '030502', '0', '27', '3');
INSERT INTO `place` VALUES ('3140', '030503', '0', '26', '3');
INSERT INTO `place` VALUES ('3141', '030504', '0', '26', '3');
INSERT INTO `place` VALUES ('3142', '030503', '0', '29', '3');
INSERT INTO `place` VALUES ('3143', '030503', '0', '31', '3');
INSERT INTO `place` VALUES ('3144', '030503', '0', '27', '3');
INSERT INTO `place` VALUES ('3145', '030503', '0', '33', '3');
INSERT INTO `place` VALUES ('3146', '030504', '0', '25', '3');
INSERT INTO `place` VALUES ('3147', '030503', '0', '28', '3');
INSERT INTO `place` VALUES ('3148', '030503', '0', '30', '3');
INSERT INTO `place` VALUES ('3149', '030503', '0', '32', '3');
INSERT INTO `place` VALUES ('3150', '030504', '0', '27', '3');
INSERT INTO `place` VALUES ('3151', '030505', '0', '27', '3');
INSERT INTO `place` VALUES ('3152', '030505', '0', '25', '3');
INSERT INTO `place` VALUES ('3153', '030505', '0', '26', '3');
INSERT INTO `place` VALUES ('3154', '030504', '0', '33', '3');
INSERT INTO `place` VALUES ('3155', '030504', '0', '30', '3');
INSERT INTO `place` VALUES ('3156', '030504', '0', '31', '3');
INSERT INTO `place` VALUES ('3157', '030504', '0', '32', '3');
INSERT INTO `place` VALUES ('3158', '030504', '0', '28', '3');
INSERT INTO `place` VALUES ('3159', '030504', '0', '29', '3');
INSERT INTO `place` VALUES ('3160', '030505', '0', '28', '3');
INSERT INTO `place` VALUES ('3161', '030506', '0', '28', '3');
INSERT INTO `place` VALUES ('3162', '030505', '0', '31', '3');
INSERT INTO `place` VALUES ('3163', '030505', '0', '30', '3');
INSERT INTO `place` VALUES ('3164', '030505', '0', '29', '3');
INSERT INTO `place` VALUES ('3165', '030505', '0', '32', '3');
INSERT INTO `place` VALUES ('3166', '030505', '0', '33', '3');
INSERT INTO `place` VALUES ('3167', '030506', '0', '25', '3');
INSERT INTO `place` VALUES ('3168', '030506', '0', '26', '3');
INSERT INTO `place` VALUES ('3169', '030506', '0', '27', '3');
INSERT INTO `place` VALUES ('3170', '030506', '0', '29', '3');
INSERT INTO `place` VALUES ('3171', '030507', '0', '26', '3');
INSERT INTO `place` VALUES ('3172', '030506', '0', '32', '3');
INSERT INTO `place` VALUES ('3173', '030506', '0', '33', '3');
INSERT INTO `place` VALUES ('3174', '030506', '0', '30', '3');
INSERT INTO `place` VALUES ('3175', '030507', '0', '28', '3');
INSERT INTO `place` VALUES ('3176', '030506', '0', '31', '3');
INSERT INTO `place` VALUES ('3177', '030507', '0', '29', '3');
INSERT INTO `place` VALUES ('3178', '030507', '0', '25', '3');
INSERT INTO `place` VALUES ('3179', '030507', '0', '27', '3');
INSERT INTO `place` VALUES ('3180', '030507', '0', '30', '3');
INSERT INTO `place` VALUES ('3181', '030508', '0', '30', '3');
INSERT INTO `place` VALUES ('3182', '030507', '0', '33', '3');
INSERT INTO `place` VALUES ('3183', '030508', '0', '28', '3');
INSERT INTO `place` VALUES ('3184', '030508', '0', '25', '3');
INSERT INTO `place` VALUES ('3185', '030507', '0', '32', '3');
INSERT INTO `place` VALUES ('3186', '030507', '0', '31', '3');
INSERT INTO `place` VALUES ('3187', '030508', '0', '27', '3');
INSERT INTO `place` VALUES ('3188', '030508', '0', '29', '3');
INSERT INTO `place` VALUES ('3189', '030508', '0', '26', '3');
INSERT INTO `place` VALUES ('3190', '030508', '0', '31', '3');
INSERT INTO `place` VALUES ('3191', '030509', '0', '31', '3');
INSERT INTO `place` VALUES ('3192', '030508', '0', '33', '3');
INSERT INTO `place` VALUES ('3193', '030508', '0', '32', '3');
INSERT INTO `place` VALUES ('3194', '030509', '0', '25', '3');
INSERT INTO `place` VALUES ('3195', '030509', '0', '28', '3');
INSERT INTO `place` VALUES ('3196', '030509', '0', '26', '3');
INSERT INTO `place` VALUES ('3197', '030509', '0', '27', '3');
INSERT INTO `place` VALUES ('3198', '030509', '0', '29', '3');
INSERT INTO `place` VALUES ('3199', '030509', '0', '30', '3');
INSERT INTO `place` VALUES ('3200', '030509', '0', '32', '3');
INSERT INTO `place` VALUES ('3201', '030510', '0', '31', '3');
INSERT INTO `place` VALUES ('3202', '030510', '0', '25', '3');
INSERT INTO `place` VALUES ('3203', '030509', '0', '33', '3');
INSERT INTO `place` VALUES ('3204', '030510', '0', '27', '3');
INSERT INTO `place` VALUES ('3205', '030510', '0', '26', '3');
INSERT INTO `place` VALUES ('3206', '030510', '0', '28', '3');
INSERT INTO `place` VALUES ('3207', '030510', '0', '29', '3');
INSERT INTO `place` VALUES ('3208', '030510', '0', '30', '3');
INSERT INTO `place` VALUES ('3209', '030510', '0', '32', '3');
INSERT INTO `place` VALUES ('3210', '030510', '0', '33', '3');
INSERT INTO `place` VALUES ('3211', '030511', '0', '33', '3');
INSERT INTO `place` VALUES ('3212', '030511', '0', '31', '3');
INSERT INTO `place` VALUES ('3213', '030511', '0', '26', '3');
INSERT INTO `place` VALUES ('3214', '030511', '0', '32', '3');
INSERT INTO `place` VALUES ('3215', '030511', '0', '27', '3');
INSERT INTO `place` VALUES ('3216', '030511', '0', '30', '3');
INSERT INTO `place` VALUES ('3217', '030511', '0', '29', '3');
INSERT INTO `place` VALUES ('3218', '030511', '0', '28', '3');
INSERT INTO `place` VALUES ('3219', '030511', '0', '25', '3');
INSERT INTO `place` VALUES ('3220', '030512', '0', '25', '3');
INSERT INTO `place` VALUES ('3221', '030512', '0', '28', '3');
INSERT INTO `place` VALUES ('3222', '030512', '0', '32', '3');
INSERT INTO `place` VALUES ('3223', '030513', '0', '25', '3');
INSERT INTO `place` VALUES ('3224', '030512', '0', '30', '3');
INSERT INTO `place` VALUES ('3225', '030512', '0', '31', '3');
INSERT INTO `place` VALUES ('3226', '030512', '0', '33', '3');
INSERT INTO `place` VALUES ('3227', '030512', '0', '29', '3');
INSERT INTO `place` VALUES ('3228', '030512', '0', '27', '3');
INSERT INTO `place` VALUES ('3229', '030512', '0', '26', '3');
INSERT INTO `place` VALUES ('3230', '030513', '0', '26', '3');
INSERT INTO `place` VALUES ('3231', '030514', '0', '26', '3');
INSERT INTO `place` VALUES ('3232', '030513', '0', '32', '3');
INSERT INTO `place` VALUES ('3233', '030513', '0', '30', '3');
INSERT INTO `place` VALUES ('3234', '030513', '0', '29', '3');
INSERT INTO `place` VALUES ('3235', '030513', '0', '33', '3');
INSERT INTO `place` VALUES ('3236', '030513', '0', '28', '3');
INSERT INTO `place` VALUES ('3237', '030513', '0', '27', '3');
INSERT INTO `place` VALUES ('3238', '030513', '0', '31', '3');
INSERT INTO `place` VALUES ('3239', '030514', '0', '25', '3');
INSERT INTO `place` VALUES ('3240', '030514', '0', '27', '3');
INSERT INTO `place` VALUES ('3241', '030515', '0', '27', '3');
INSERT INTO `place` VALUES ('3242', '030514', '0', '28', '3');
INSERT INTO `place` VALUES ('3243', '030514', '0', '29', '3');
INSERT INTO `place` VALUES ('3244', '030514', '0', '30', '3');
INSERT INTO `place` VALUES ('3245', '030514', '0', '31', '3');
INSERT INTO `place` VALUES ('3246', '030514', '0', '32', '3');
INSERT INTO `place` VALUES ('3247', '030514', '0', '33', '3');
INSERT INTO `place` VALUES ('3248', '030515', '0', '25', '3');
INSERT INTO `place` VALUES ('3249', '030515', '0', '26', '3');
INSERT INTO `place` VALUES ('3250', '030515', '0', '28', '3');
INSERT INTO `place` VALUES ('3251', '030516', '0', '26', '3');
INSERT INTO `place` VALUES ('3252', '030516', '0', '27', '3');
INSERT INTO `place` VALUES ('3253', '030515', '0', '30', '3');
INSERT INTO `place` VALUES ('3254', '030515', '0', '29', '3');
INSERT INTO `place` VALUES ('3255', '030515', '0', '31', '3');
INSERT INTO `place` VALUES ('3256', '030515', '0', '32', '3');
INSERT INTO `place` VALUES ('3257', '030515', '0', '33', '3');
INSERT INTO `place` VALUES ('3258', '030516', '0', '25', '3');
INSERT INTO `place` VALUES ('3259', '030516', '0', '28', '3');
INSERT INTO `place` VALUES ('3260', '030516', '0', '29', '3');
INSERT INTO `place` VALUES ('3261', '030517', '0', '29', '3');
INSERT INTO `place` VALUES ('3262', '030516', '0', '31', '3');
INSERT INTO `place` VALUES ('3263', '030516', '0', '30', '3');
INSERT INTO `place` VALUES ('3264', '030516', '0', '33', '3');
INSERT INTO `place` VALUES ('3265', '030516', '0', '32', '3');
INSERT INTO `place` VALUES ('3266', '030517', '0', '25', '3');
INSERT INTO `place` VALUES ('3267', '030517', '0', '26', '3');
INSERT INTO `place` VALUES ('3268', '030517', '0', '27', '3');
INSERT INTO `place` VALUES ('3269', '030517', '0', '28', '3');
INSERT INTO `place` VALUES ('3270', '030517', '0', '30', '3');
INSERT INTO `place` VALUES ('3271', '030518', '0', '30', '3');
INSERT INTO `place` VALUES ('3272', '030518', '0', '25', '3');
INSERT INTO `place` VALUES ('3273', '030517', '0', '33', '3');
INSERT INTO `place` VALUES ('3274', '030517', '0', '31', '3');
INSERT INTO `place` VALUES ('3275', '030518', '0', '26', '3');
INSERT INTO `place` VALUES ('3276', '030518', '0', '27', '3');
INSERT INTO `place` VALUES ('3277', '030518', '0', '29', '3');
INSERT INTO `place` VALUES ('3278', '030518', '0', '28', '3');
INSERT INTO `place` VALUES ('3279', '030517', '0', '32', '3');
INSERT INTO `place` VALUES ('3280', '030518', '0', '31', '3');
INSERT INTO `place` VALUES ('3281', '030519', '0', '27', '3');
INSERT INTO `place` VALUES ('3282', '030519', '0', '31', '3');
INSERT INTO `place` VALUES ('3283', '030519', '0', '26', '3');
INSERT INTO `place` VALUES ('3284', '030519', '0', '25', '3');
INSERT INTO `place` VALUES ('3285', '030518', '0', '32', '3');
INSERT INTO `place` VALUES ('3286', '030518', '0', '33', '3');
INSERT INTO `place` VALUES ('3287', '030519', '0', '28', '3');
INSERT INTO `place` VALUES ('3288', '030519', '0', '30', '3');
INSERT INTO `place` VALUES ('3289', '030519', '0', '29', '3');
INSERT INTO `place` VALUES ('3290', '030519', '0', '32', '3');
INSERT INTO `place` VALUES ('3291', '030520', '0', '32', '3');
INSERT INTO `place` VALUES ('3292', '030520', '0', '25', '3');
INSERT INTO `place` VALUES ('3293', '030519', '0', '33', '3');
INSERT INTO `place` VALUES ('3294', '030520', '0', '26', '3');
INSERT INTO `place` VALUES ('3295', '030520', '0', '27', '3');
INSERT INTO `place` VALUES ('3296', '030520', '0', '28', '3');
INSERT INTO `place` VALUES ('3297', '030520', '0', '29', '3');
INSERT INTO `place` VALUES ('3298', '030520', '0', '31', '3');
INSERT INTO `place` VALUES ('3299', '030520', '0', '30', '3');
INSERT INTO `place` VALUES ('3300', '030520', '0', '33', '3');
INSERT INTO `place` VALUES ('3301', '040102', '0', '34', '4');
INSERT INTO `place` VALUES ('3302', '040101', '0', '34', '4');
INSERT INTO `place` VALUES ('3303', '040101', '0', '35', '4');
INSERT INTO `place` VALUES ('3304', '040101', '0', '36', '4');
INSERT INTO `place` VALUES ('3305', '040101', '0', '37', '4');
INSERT INTO `place` VALUES ('3306', '040101', '0', '38', '4');
INSERT INTO `place` VALUES ('3307', '040101', '0', '39', '4');
INSERT INTO `place` VALUES ('3308', '040101', '0', '40', '4');
INSERT INTO `place` VALUES ('3309', '040101', '0', '42', '4');
INSERT INTO `place` VALUES ('3310', '040101', '0', '41', '4');
INSERT INTO `place` VALUES ('3311', '040102', '0', '36', '4');
INSERT INTO `place` VALUES ('3312', '040102', '0', '35', '4');
INSERT INTO `place` VALUES ('3313', '040102', '0', '39', '4');
INSERT INTO `place` VALUES ('3314', '040102', '0', '42', '4');
INSERT INTO `place` VALUES ('3315', '040102', '0', '40', '4');
INSERT INTO `place` VALUES ('3316', '040102', '0', '41', '4');
INSERT INTO `place` VALUES ('3317', '040103', '0', '34', '4');
INSERT INTO `place` VALUES ('3318', '040102', '0', '37', '4');
INSERT INTO `place` VALUES ('3319', '040102', '0', '38', '4');
INSERT INTO `place` VALUES ('3320', '040103', '0', '35', '4');
INSERT INTO `place` VALUES ('3321', '040103', '0', '42', '4');
INSERT INTO `place` VALUES ('3322', '040103', '0', '40', '4');
INSERT INTO `place` VALUES ('3323', '040104', '0', '35', '4');
INSERT INTO `place` VALUES ('3324', '040103', '0', '39', '4');
INSERT INTO `place` VALUES ('3325', '040103', '0', '37', '4');
INSERT INTO `place` VALUES ('3326', '040103', '0', '36', '4');
INSERT INTO `place` VALUES ('3327', '040103', '0', '41', '4');
INSERT INTO `place` VALUES ('3328', '040104', '0', '34', '4');
INSERT INTO `place` VALUES ('3329', '040103', '0', '38', '4');
INSERT INTO `place` VALUES ('3330', '040104', '0', '36', '4');
INSERT INTO `place` VALUES ('3331', '040104', '0', '38', '4');
INSERT INTO `place` VALUES ('3332', '040104', '0', '37', '4');
INSERT INTO `place` VALUES ('3333', '040105', '0', '35', '4');
INSERT INTO `place` VALUES ('3334', '040105', '0', '36', '4');
INSERT INTO `place` VALUES ('3335', '040104', '0', '40', '4');
INSERT INTO `place` VALUES ('3336', '040104', '0', '42', '4');
INSERT INTO `place` VALUES ('3337', '040105', '0', '34', '4');
INSERT INTO `place` VALUES ('3338', '040104', '0', '39', '4');
INSERT INTO `place` VALUES ('3339', '040104', '0', '41', '4');
INSERT INTO `place` VALUES ('3340', '040105', '0', '37', '4');
INSERT INTO `place` VALUES ('3341', '040106', '0', '35', '4');
INSERT INTO `place` VALUES ('3342', '040106', '0', '36', '4');
INSERT INTO `place` VALUES ('3343', '040105', '0', '38', '4');
INSERT INTO `place` VALUES ('3344', '040105', '0', '40', '4');
INSERT INTO `place` VALUES ('3345', '040105', '0', '39', '4');
INSERT INTO `place` VALUES ('3346', '040105', '0', '41', '4');
INSERT INTO `place` VALUES ('3347', '040105', '0', '42', '4');
INSERT INTO `place` VALUES ('3348', '040106', '0', '34', '4');
INSERT INTO `place` VALUES ('3349', '040106', '0', '37', '4');
INSERT INTO `place` VALUES ('3350', '040106', '0', '38', '4');
INSERT INTO `place` VALUES ('3351', '040107', '0', '35', '4');
INSERT INTO `place` VALUES ('3352', '040107', '0', '38', '4');
INSERT INTO `place` VALUES ('3353', '040107', '0', '37', '4');
INSERT INTO `place` VALUES ('3354', '040107', '0', '36', '4');
INSERT INTO `place` VALUES ('3355', '040106', '0', '42', '4');
INSERT INTO `place` VALUES ('3356', '040107', '0', '34', '4');
INSERT INTO `place` VALUES ('3357', '040106', '0', '41', '4');
INSERT INTO `place` VALUES ('3358', '040106', '0', '39', '4');
INSERT INTO `place` VALUES ('3359', '040106', '0', '40', '4');
INSERT INTO `place` VALUES ('3360', '040107', '0', '39', '4');
INSERT INTO `place` VALUES ('3361', '040108', '0', '39', '4');
INSERT INTO `place` VALUES ('3362', '040107', '0', '40', '4');
INSERT INTO `place` VALUES ('3363', '040107', '0', '41', '4');
INSERT INTO `place` VALUES ('3364', '040107', '0', '42', '4');
INSERT INTO `place` VALUES ('3365', '040108', '0', '34', '4');
INSERT INTO `place` VALUES ('3366', '040108', '0', '38', '4');
INSERT INTO `place` VALUES ('3367', '040108', '0', '35', '4');
INSERT INTO `place` VALUES ('3368', '040108', '0', '36', '4');
INSERT INTO `place` VALUES ('3369', '040108', '0', '37', '4');
INSERT INTO `place` VALUES ('3370', '040108', '0', '40', '4');
INSERT INTO `place` VALUES ('3371', '040109', '0', '40', '4');
INSERT INTO `place` VALUES ('3372', '040108', '0', '41', '4');
INSERT INTO `place` VALUES ('3373', '040109', '0', '36', '4');
INSERT INTO `place` VALUES ('3374', '040108', '0', '42', '4');
INSERT INTO `place` VALUES ('3375', '040109', '0', '35', '4');
INSERT INTO `place` VALUES ('3376', '040109', '0', '34', '4');
INSERT INTO `place` VALUES ('3377', '040109', '0', '37', '4');
INSERT INTO `place` VALUES ('3378', '040109', '0', '38', '4');
INSERT INTO `place` VALUES ('3379', '040109', '0', '39', '4');
INSERT INTO `place` VALUES ('3380', '040109', '0', '41', '4');
INSERT INTO `place` VALUES ('3381', '040110', '0', '34', '4');
INSERT INTO `place` VALUES ('3382', '040110', '0', '40', '4');
INSERT INTO `place` VALUES ('3383', '040110', '0', '37', '4');
INSERT INTO `place` VALUES ('3384', '040110', '0', '41', '4');
INSERT INTO `place` VALUES ('3385', '040110', '0', '39', '4');
INSERT INTO `place` VALUES ('3386', '040110', '0', '36', '4');
INSERT INTO `place` VALUES ('3387', '040110', '0', '35', '4');
INSERT INTO `place` VALUES ('3388', '040109', '0', '42', '4');
INSERT INTO `place` VALUES ('3389', '040110', '0', '38', '4');
INSERT INTO `place` VALUES ('3390', '040110', '0', '42', '4');
INSERT INTO `place` VALUES ('3391', '040111', '0', '42', '4');
INSERT INTO `place` VALUES ('3392', '040111', '0', '35', '4');
INSERT INTO `place` VALUES ('3393', '040111', '0', '34', '4');
INSERT INTO `place` VALUES ('3394', '040111', '0', '36', '4');
INSERT INTO `place` VALUES ('3395', '040111', '0', '38', '4');
INSERT INTO `place` VALUES ('3396', '040111', '0', '39', '4');
INSERT INTO `place` VALUES ('3397', '040111', '0', '37', '4');
INSERT INTO `place` VALUES ('3398', '040111', '0', '40', '4');
INSERT INTO `place` VALUES ('3399', '040111', '0', '41', '4');
INSERT INTO `place` VALUES ('3400', '040112', '0', '34', '4');
INSERT INTO `place` VALUES ('3401', '040112', '0', '41', '4');
INSERT INTO `place` VALUES ('3402', '040113', '0', '34', '4');
INSERT INTO `place` VALUES ('3403', '040112', '0', '42', '4');
INSERT INTO `place` VALUES ('3404', '040112', '0', '36', '4');
INSERT INTO `place` VALUES ('3405', '040112', '0', '40', '4');
INSERT INTO `place` VALUES ('3406', '040112', '0', '39', '4');
INSERT INTO `place` VALUES ('3407', '040112', '0', '38', '4');
INSERT INTO `place` VALUES ('3408', '040112', '0', '37', '4');
INSERT INTO `place` VALUES ('3409', '040112', '0', '35', '4');
INSERT INTO `place` VALUES ('3410', '040113', '0', '35', '4');
INSERT INTO `place` VALUES ('3411', '040114', '0', '35', '4');
INSERT INTO `place` VALUES ('3412', '040113', '0', '37', '4');
INSERT INTO `place` VALUES ('3413', '040113', '0', '38', '4');
INSERT INTO `place` VALUES ('3414', '040113', '0', '41', '4');
INSERT INTO `place` VALUES ('3415', '040113', '0', '42', '4');
INSERT INTO `place` VALUES ('3416', '040114', '0', '34', '4');
INSERT INTO `place` VALUES ('3417', '040113', '0', '39', '4');
INSERT INTO `place` VALUES ('3418', '040113', '0', '36', '4');
INSERT INTO `place` VALUES ('3419', '040113', '0', '40', '4');
INSERT INTO `place` VALUES ('3420', '040114', '0', '36', '4');
INSERT INTO `place` VALUES ('3421', '040114', '0', '38', '4');
INSERT INTO `place` VALUES ('3422', '040114', '0', '39', '4');
INSERT INTO `place` VALUES ('3423', '040115', '0', '35', '4');
INSERT INTO `place` VALUES ('3424', '040114', '0', '40', '4');
INSERT INTO `place` VALUES ('3425', '040114', '0', '41', '4');
INSERT INTO `place` VALUES ('3426', '040114', '0', '42', '4');
INSERT INTO `place` VALUES ('3427', '040115', '0', '36', '4');
INSERT INTO `place` VALUES ('3428', '040115', '0', '34', '4');
INSERT INTO `place` VALUES ('3429', '040114', '0', '37', '4');
INSERT INTO `place` VALUES ('3430', '040115', '0', '37', '4');
INSERT INTO `place` VALUES ('3431', '040115', '0', '38', '4');
INSERT INTO `place` VALUES ('3432', '040116', '0', '37', '4');
INSERT INTO `place` VALUES ('3433', '040116', '0', '35', '4');
INSERT INTO `place` VALUES ('3434', '040116', '0', '36', '4');
INSERT INTO `place` VALUES ('3435', '040115', '0', '39', '4');
INSERT INTO `place` VALUES ('3436', '040115', '0', '42', '4');
INSERT INTO `place` VALUES ('3437', '040115', '0', '41', '4');
INSERT INTO `place` VALUES ('3438', '040115', '0', '40', '4');
INSERT INTO `place` VALUES ('3439', '040116', '0', '34', '4');
INSERT INTO `place` VALUES ('3440', '040116', '0', '38', '4');
INSERT INTO `place` VALUES ('3441', '040116', '0', '39', '4');
INSERT INTO `place` VALUES ('3442', '040117', '0', '34', '4');
INSERT INTO `place` VALUES ('3443', '040116', '0', '40', '4');
INSERT INTO `place` VALUES ('3444', '040116', '0', '42', '4');
INSERT INTO `place` VALUES ('3445', '040116', '0', '41', '4');
INSERT INTO `place` VALUES ('3446', '040117', '0', '35', '4');
INSERT INTO `place` VALUES ('3447', '040117', '0', '37', '4');
INSERT INTO `place` VALUES ('3448', '040117', '0', '38', '4');
INSERT INTO `place` VALUES ('3449', '040117', '0', '36', '4');
INSERT INTO `place` VALUES ('3450', '040117', '0', '39', '4');
INSERT INTO `place` VALUES ('3451', '040118', '0', '35', '4');
INSERT INTO `place` VALUES ('3452', '040118', '0', '39', '4');
INSERT INTO `place` VALUES ('3453', '040118', '0', '37', '4');
INSERT INTO `place` VALUES ('3454', '040118', '0', '36', '4');
INSERT INTO `place` VALUES ('3455', '040117', '0', '41', '4');
INSERT INTO `place` VALUES ('3456', '040117', '0', '42', '4');
INSERT INTO `place` VALUES ('3457', '040118', '0', '38', '4');
INSERT INTO `place` VALUES ('3458', '040118', '0', '34', '4');
INSERT INTO `place` VALUES ('3459', '040117', '0', '40', '4');
INSERT INTO `place` VALUES ('3460', '040118', '0', '40', '4');
INSERT INTO `place` VALUES ('3461', '040119', '0', '40', '4');
INSERT INTO `place` VALUES ('3462', '040119', '0', '38', '4');
INSERT INTO `place` VALUES ('3463', '040119', '0', '36', '4');
INSERT INTO `place` VALUES ('3464', '040119', '0', '37', '4');
INSERT INTO `place` VALUES ('3465', '040119', '0', '35', '4');
INSERT INTO `place` VALUES ('3466', '040119', '0', '34', '4');
INSERT INTO `place` VALUES ('3467', '040118', '0', '42', '4');
INSERT INTO `place` VALUES ('3468', '040118', '0', '41', '4');
INSERT INTO `place` VALUES ('3469', '040119', '0', '39', '4');
INSERT INTO `place` VALUES ('3470', '040119', '0', '41', '4');
INSERT INTO `place` VALUES ('3471', '040120', '0', '36', '4');
INSERT INTO `place` VALUES ('3472', '040120', '0', '41', '4');
INSERT INTO `place` VALUES ('3473', '040120', '0', '40', '4');
INSERT INTO `place` VALUES ('3474', '040120', '0', '37', '4');
INSERT INTO `place` VALUES ('3475', '040120', '0', '38', '4');
INSERT INTO `place` VALUES ('3476', '040120', '0', '39', '4');
INSERT INTO `place` VALUES ('3477', '040120', '0', '35', '4');
INSERT INTO `place` VALUES ('3478', '040120', '0', '34', '4');
INSERT INTO `place` VALUES ('3479', '040119', '0', '42', '4');
INSERT INTO `place` VALUES ('3480', '040120', '0', '42', '4');
INSERT INTO `place` VALUES ('3481', '040201', '0', '42', '4');
INSERT INTO `place` VALUES ('3482', '040201', '0', '38', '4');
INSERT INTO `place` VALUES ('3483', '040201', '0', '39', '4');
INSERT INTO `place` VALUES ('3484', '040201', '0', '41', '4');
INSERT INTO `place` VALUES ('3485', '040201', '0', '40', '4');
INSERT INTO `place` VALUES ('3486', '040201', '0', '34', '4');
INSERT INTO `place` VALUES ('3487', '040201', '0', '35', '4');
INSERT INTO `place` VALUES ('3488', '040201', '0', '37', '4');
INSERT INTO `place` VALUES ('3489', '040201', '0', '36', '4');
INSERT INTO `place` VALUES ('3490', '040202', '0', '34', '4');
INSERT INTO `place` VALUES ('3491', '040202', '0', '41', '4');
INSERT INTO `place` VALUES ('3492', '040202', '0', '35', '4');
INSERT INTO `place` VALUES ('3493', '040202', '0', '36', '4');
INSERT INTO `place` VALUES ('3494', '040202', '0', '37', '4');
INSERT INTO `place` VALUES ('3495', '040202', '0', '38', '4');
INSERT INTO `place` VALUES ('3496', '040202', '0', '39', '4');
INSERT INTO `place` VALUES ('3497', '040202', '0', '40', '4');
INSERT INTO `place` VALUES ('3498', '040202', '0', '42', '4');
INSERT INTO `place` VALUES ('3499', '040203', '0', '34', '4');
INSERT INTO `place` VALUES ('3500', '040203', '0', '35', '4');
INSERT INTO `place` VALUES ('3501', '040204', '0', '34', '4');
INSERT INTO `place` VALUES ('3502', '040203', '0', '37', '4');
INSERT INTO `place` VALUES ('3503', '040203', '0', '36', '4');
INSERT INTO `place` VALUES ('3504', '040203', '0', '38', '4');
INSERT INTO `place` VALUES ('3505', '040203', '0', '39', '4');
INSERT INTO `place` VALUES ('3506', '040203', '0', '41', '4');
INSERT INTO `place` VALUES ('3507', '040203', '0', '40', '4');
INSERT INTO `place` VALUES ('3508', '040204', '0', '35', '4');
INSERT INTO `place` VALUES ('3509', '040203', '0', '42', '4');
INSERT INTO `place` VALUES ('3510', '040204', '0', '36', '4');
INSERT INTO `place` VALUES ('3511', '040204', '0', '39', '4');
INSERT INTO `place` VALUES ('3512', '040204', '0', '37', '4');
INSERT INTO `place` VALUES ('3513', '040204', '0', '38', '4');
INSERT INTO `place` VALUES ('3514', '040205', '0', '36', '4');
INSERT INTO `place` VALUES ('3515', '040205', '0', '35', '4');
INSERT INTO `place` VALUES ('3516', '040205', '0', '34', '4');
INSERT INTO `place` VALUES ('3517', '040204', '0', '42', '4');
INSERT INTO `place` VALUES ('3518', '040204', '0', '40', '4');
INSERT INTO `place` VALUES ('3519', '040204', '0', '41', '4');
INSERT INTO `place` VALUES ('3520', '040205', '0', '37', '4');
INSERT INTO `place` VALUES ('3521', '040206', '0', '37', '4');
INSERT INTO `place` VALUES ('3522', '040205', '0', '40', '4');
INSERT INTO `place` VALUES ('3523', '040205', '0', '38', '4');
INSERT INTO `place` VALUES ('3524', '040205', '0', '39', '4');
INSERT INTO `place` VALUES ('3525', '040205', '0', '42', '4');
INSERT INTO `place` VALUES ('3526', '040205', '0', '41', '4');
INSERT INTO `place` VALUES ('3527', '040206', '0', '34', '4');
INSERT INTO `place` VALUES ('3528', '040206', '0', '36', '4');
INSERT INTO `place` VALUES ('3529', '040206', '0', '35', '4');
INSERT INTO `place` VALUES ('3530', '040206', '0', '38', '4');
INSERT INTO `place` VALUES ('3531', '040206', '0', '42', '4');
INSERT INTO `place` VALUES ('3532', '040207', '0', '35', '4');
INSERT INTO `place` VALUES ('3533', '040207', '0', '34', '4');
INSERT INTO `place` VALUES ('3534', '040206', '0', '40', '4');
INSERT INTO `place` VALUES ('3535', '040206', '0', '39', '4');
INSERT INTO `place` VALUES ('3536', '040207', '0', '38', '4');
INSERT INTO `place` VALUES ('3537', '040207', '0', '37', '4');
INSERT INTO `place` VALUES ('3538', '040206', '0', '41', '4');
INSERT INTO `place` VALUES ('3539', '040207', '0', '36', '4');
INSERT INTO `place` VALUES ('3540', '040207', '0', '39', '4');
INSERT INTO `place` VALUES ('3541', '040208', '0', '39', '4');
INSERT INTO `place` VALUES ('3542', '040207', '0', '41', '4');
INSERT INTO `place` VALUES ('3543', '040207', '0', '40', '4');
INSERT INTO `place` VALUES ('3544', '040208', '0', '38', '4');
INSERT INTO `place` VALUES ('3545', '040208', '0', '36', '4');
INSERT INTO `place` VALUES ('3546', '040208', '0', '37', '4');
INSERT INTO `place` VALUES ('3547', '040208', '0', '35', '4');
INSERT INTO `place` VALUES ('3548', '040208', '0', '34', '4');
INSERT INTO `place` VALUES ('3549', '040207', '0', '42', '4');
INSERT INTO `place` VALUES ('3550', '040208', '0', '40', '4');
INSERT INTO `place` VALUES ('3551', '040209', '0', '40', '4');
INSERT INTO `place` VALUES ('3552', '040208', '0', '41', '4');
INSERT INTO `place` VALUES ('3553', '040208', '0', '42', '4');
INSERT INTO `place` VALUES ('3554', '040209', '0', '35', '4');
INSERT INTO `place` VALUES ('3555', '040209', '0', '36', '4');
INSERT INTO `place` VALUES ('3556', '040209', '0', '34', '4');
INSERT INTO `place` VALUES ('3557', '040209', '0', '37', '4');
INSERT INTO `place` VALUES ('3558', '040209', '0', '39', '4');
INSERT INTO `place` VALUES ('3559', '040209', '0', '38', '4');
INSERT INTO `place` VALUES ('3560', '040209', '0', '41', '4');
INSERT INTO `place` VALUES ('3561', '040210', '0', '41', '4');
INSERT INTO `place` VALUES ('3562', '040210', '0', '34', '4');
INSERT INTO `place` VALUES ('3563', '040209', '0', '42', '4');
INSERT INTO `place` VALUES ('3564', '040210', '0', '38', '4');
INSERT INTO `place` VALUES ('3565', '040210', '0', '36', '4');
INSERT INTO `place` VALUES ('3566', '040210', '0', '37', '4');
INSERT INTO `place` VALUES ('3567', '040210', '0', '35', '4');
INSERT INTO `place` VALUES ('3568', '040210', '0', '39', '4');
INSERT INTO `place` VALUES ('3569', '040210', '0', '40', '4');
INSERT INTO `place` VALUES ('3570', '040210', '0', '42', '4');
INSERT INTO `place` VALUES ('3571', '040211', '0', '41', '4');
INSERT INTO `place` VALUES ('3572', '040211', '0', '35', '4');
INSERT INTO `place` VALUES ('3573', '040211', '0', '34', '4');
INSERT INTO `place` VALUES ('3574', '040211', '0', '37', '4');
INSERT INTO `place` VALUES ('3575', '040211', '0', '38', '4');
INSERT INTO `place` VALUES ('3576', '040211', '0', '39', '4');
INSERT INTO `place` VALUES ('3577', '040211', '0', '36', '4');
INSERT INTO `place` VALUES ('3578', '040211', '0', '40', '4');
INSERT INTO `place` VALUES ('3579', '040211', '0', '42', '4');
INSERT INTO `place` VALUES ('3580', '040212', '0', '34', '4');
INSERT INTO `place` VALUES ('3581', '040212', '0', '42', '4');
INSERT INTO `place` VALUES ('3582', '040212', '0', '35', '4');
INSERT INTO `place` VALUES ('3583', '040212', '0', '36', '4');
INSERT INTO `place` VALUES ('3584', '040212', '0', '38', '4');
INSERT INTO `place` VALUES ('3585', '040212', '0', '37', '4');
INSERT INTO `place` VALUES ('3586', '040212', '0', '40', '4');
INSERT INTO `place` VALUES ('3587', '040212', '0', '39', '4');
INSERT INTO `place` VALUES ('3588', '040213', '0', '34', '4');
INSERT INTO `place` VALUES ('3589', '040212', '0', '41', '4');
INSERT INTO `place` VALUES ('3590', '040213', '0', '35', '4');
INSERT INTO `place` VALUES ('3591', '040214', '0', '34', '4');
INSERT INTO `place` VALUES ('3592', '040213', '0', '36', '4');
INSERT INTO `place` VALUES ('3593', '040213', '0', '37', '4');
INSERT INTO `place` VALUES ('3594', '040213', '0', '38', '4');
INSERT INTO `place` VALUES ('3595', '040213', '0', '39', '4');
INSERT INTO `place` VALUES ('3596', '040214', '0', '35', '4');
INSERT INTO `place` VALUES ('3597', '040213', '0', '40', '4');
INSERT INTO `place` VALUES ('3598', '040213', '0', '42', '4');
INSERT INTO `place` VALUES ('3599', '040213', '0', '41', '4');
INSERT INTO `place` VALUES ('3600', '040214', '0', '36', '4');
INSERT INTO `place` VALUES ('3601', '040214', '0', '40', '4');
INSERT INTO `place` VALUES ('3602', '040214', '0', '38', '4');
INSERT INTO `place` VALUES ('3603', '040215', '0', '36', '4');
INSERT INTO `place` VALUES ('3604', '040214', '0', '39', '4');
INSERT INTO `place` VALUES ('3605', '040214', '0', '42', '4');
INSERT INTO `place` VALUES ('3606', '040215', '0', '34', '4');
INSERT INTO `place` VALUES ('3607', '040215', '0', '35', '4');
INSERT INTO `place` VALUES ('3608', '040214', '0', '41', '4');
INSERT INTO `place` VALUES ('3609', '040214', '0', '37', '4');
INSERT INTO `place` VALUES ('3610', '040215', '0', '37', '4');
INSERT INTO `place` VALUES ('3611', '040216', '0', '37', '4');
INSERT INTO `place` VALUES ('3612', '040215', '0', '38', '4');
INSERT INTO `place` VALUES ('3613', '040215', '0', '39', '4');
INSERT INTO `place` VALUES ('3614', '040215', '0', '41', '4');
INSERT INTO `place` VALUES ('3615', '040215', '0', '40', '4');
INSERT INTO `place` VALUES ('3616', '040216', '0', '34', '4');
INSERT INTO `place` VALUES ('3617', '040215', '0', '42', '4');
INSERT INTO `place` VALUES ('3618', '040216', '0', '36', '4');
INSERT INTO `place` VALUES ('3619', '040216', '0', '35', '4');
INSERT INTO `place` VALUES ('3620', '040216', '0', '38', '4');
INSERT INTO `place` VALUES ('3621', '040217', '0', '38', '4');
INSERT INTO `place` VALUES ('3622', '040216', '0', '40', '4');
INSERT INTO `place` VALUES ('3623', '040216', '0', '39', '4');
INSERT INTO `place` VALUES ('3624', '040216', '0', '42', '4');
INSERT INTO `place` VALUES ('3625', '040216', '0', '41', '4');
INSERT INTO `place` VALUES ('3626', '040217', '0', '35', '4');
INSERT INTO `place` VALUES ('3627', '040217', '0', '34', '4');
INSERT INTO `place` VALUES ('3628', '040217', '0', '37', '4');
INSERT INTO `place` VALUES ('3629', '040217', '0', '36', '4');
INSERT INTO `place` VALUES ('3630', '040217', '0', '39', '4');
INSERT INTO `place` VALUES ('3631', '040217', '0', '41', '4');
INSERT INTO `place` VALUES ('3632', '040217', '0', '40', '4');
INSERT INTO `place` VALUES ('3633', '040218', '0', '38', '4');
INSERT INTO `place` VALUES ('3634', '040217', '0', '42', '4');
INSERT INTO `place` VALUES ('3635', '040218', '0', '35', '4');
INSERT INTO `place` VALUES ('3636', '040218', '0', '36', '4');
INSERT INTO `place` VALUES ('3637', '040218', '0', '34', '4');
INSERT INTO `place` VALUES ('3638', '040218', '0', '39', '4');
INSERT INTO `place` VALUES ('3639', '040218', '0', '37', '4');
INSERT INTO `place` VALUES ('3640', '040218', '0', '40', '4');
INSERT INTO `place` VALUES ('3641', '040219', '0', '37', '4');
INSERT INTO `place` VALUES ('3642', '040219', '0', '40', '4');
INSERT INTO `place` VALUES ('3643', '040219', '0', '39', '4');
INSERT INTO `place` VALUES ('3644', '040219', '0', '38', '4');
INSERT INTO `place` VALUES ('3645', '040219', '0', '36', '4');
INSERT INTO `place` VALUES ('3646', '040219', '0', '35', '4');
INSERT INTO `place` VALUES ('3647', '040219', '0', '34', '4');
INSERT INTO `place` VALUES ('3648', '040218', '0', '42', '4');
INSERT INTO `place` VALUES ('3649', '040218', '0', '41', '4');
INSERT INTO `place` VALUES ('3650', '040219', '0', '41', '4');
INSERT INTO `place` VALUES ('3651', '040220', '0', '39', '4');
INSERT INTO `place` VALUES ('3652', '040220', '0', '40', '4');
INSERT INTO `place` VALUES ('3653', '040220', '0', '35', '4');
INSERT INTO `place` VALUES ('3654', '040220', '0', '36', '4');
INSERT INTO `place` VALUES ('3655', '040220', '0', '34', '4');
INSERT INTO `place` VALUES ('3656', '040219', '0', '42', '4');
INSERT INTO `place` VALUES ('3657', '040220', '0', '41', '4');
INSERT INTO `place` VALUES ('3658', '040220', '0', '37', '4');
INSERT INTO `place` VALUES ('3659', '040220', '0', '38', '4');
INSERT INTO `place` VALUES ('3660', '040220', '0', '42', '4');
INSERT INTO `place` VALUES ('3661', '040301', '0', '41', '4');
INSERT INTO `place` VALUES ('3662', '040301', '0', '42', '4');
INSERT INTO `place` VALUES ('3663', '040301', '0', '39', '4');
INSERT INTO `place` VALUES ('3664', '040301', '0', '37', '4');
INSERT INTO `place` VALUES ('3665', '040301', '0', '38', '4');
INSERT INTO `place` VALUES ('3666', '040301', '0', '40', '4');
INSERT INTO `place` VALUES ('3667', '040301', '0', '36', '4');
INSERT INTO `place` VALUES ('3668', '040301', '0', '34', '4');
INSERT INTO `place` VALUES ('3669', '040301', '0', '35', '4');
INSERT INTO `place` VALUES ('3670', '040302', '0', '34', '4');
INSERT INTO `place` VALUES ('3671', '040302', '0', '41', '4');
INSERT INTO `place` VALUES ('3672', '040302', '0', '39', '4');
INSERT INTO `place` VALUES ('3673', '040303', '0', '34', '4');
INSERT INTO `place` VALUES ('3674', '040302', '0', '36', '4');
INSERT INTO `place` VALUES ('3675', '040302', '0', '42', '4');
INSERT INTO `place` VALUES ('3676', '040302', '0', '40', '4');
INSERT INTO `place` VALUES ('3677', '040302', '0', '38', '4');
INSERT INTO `place` VALUES ('3678', '040302', '0', '37', '4');
INSERT INTO `place` VALUES ('3679', '040302', '0', '35', '4');
INSERT INTO `place` VALUES ('3680', '040303', '0', '35', '4');
INSERT INTO `place` VALUES ('3681', '040304', '0', '35', '4');
INSERT INTO `place` VALUES ('3682', '040303', '0', '39', '4');
INSERT INTO `place` VALUES ('3683', '040304', '0', '34', '4');
INSERT INTO `place` VALUES ('3684', '040303', '0', '42', '4');
INSERT INTO `place` VALUES ('3685', '040303', '0', '37', '4');
INSERT INTO `place` VALUES ('3686', '040303', '0', '36', '4');
INSERT INTO `place` VALUES ('3687', '040303', '0', '41', '4');
INSERT INTO `place` VALUES ('3688', '040303', '0', '38', '4');
INSERT INTO `place` VALUES ('3689', '040303', '0', '40', '4');
INSERT INTO `place` VALUES ('3690', '040304', '0', '36', '4');
INSERT INTO `place` VALUES ('3691', '040305', '0', '35', '4');
INSERT INTO `place` VALUES ('3692', '040305', '0', '36', '4');
INSERT INTO `place` VALUES ('3693', '040305', '0', '34', '4');
INSERT INTO `place` VALUES ('3694', '040304', '0', '37', '4');
INSERT INTO `place` VALUES ('3695', '040304', '0', '41', '4');
INSERT INTO `place` VALUES ('3696', '040304', '0', '38', '4');
INSERT INTO `place` VALUES ('3697', '040304', '0', '40', '4');
INSERT INTO `place` VALUES ('3698', '040304', '0', '39', '4');
INSERT INTO `place` VALUES ('3699', '040304', '0', '42', '4');
INSERT INTO `place` VALUES ('3700', '040305', '0', '37', '4');
INSERT INTO `place` VALUES ('3701', '040306', '0', '36', '4');
INSERT INTO `place` VALUES ('3702', '040305', '0', '38', '4');
INSERT INTO `place` VALUES ('3703', '040305', '0', '39', '4');
INSERT INTO `place` VALUES ('3704', '040305', '0', '42', '4');
INSERT INTO `place` VALUES ('3705', '040305', '0', '40', '4');
INSERT INTO `place` VALUES ('3706', '040306', '0', '35', '4');
INSERT INTO `place` VALUES ('3707', '040305', '0', '41', '4');
INSERT INTO `place` VALUES ('3708', '040306', '0', '34', '4');
INSERT INTO `place` VALUES ('3709', '040306', '0', '37', '4');
INSERT INTO `place` VALUES ('3710', '040306', '0', '38', '4');
INSERT INTO `place` VALUES ('3711', '040307', '0', '35', '4');
INSERT INTO `place` VALUES ('3712', '040307', '0', '36', '4');
INSERT INTO `place` VALUES ('3713', '040307', '0', '38', '4');
INSERT INTO `place` VALUES ('3714', '040307', '0', '34', '4');
INSERT INTO `place` VALUES ('3715', '040307', '0', '37', '4');
INSERT INTO `place` VALUES ('3716', '040306', '0', '41', '4');
INSERT INTO `place` VALUES ('3717', '040306', '0', '42', '4');
INSERT INTO `place` VALUES ('3718', '040306', '0', '40', '4');
INSERT INTO `place` VALUES ('3719', '040306', '0', '39', '4');
INSERT INTO `place` VALUES ('3720', '040307', '0', '39', '4');
INSERT INTO `place` VALUES ('3721', '040308', '0', '38', '4');
INSERT INTO `place` VALUES ('3722', '040308', '0', '37', '4');
INSERT INTO `place` VALUES ('3723', '040308', '0', '39', '4');
INSERT INTO `place` VALUES ('3724', '040308', '0', '36', '4');
INSERT INTO `place` VALUES ('3725', '040308', '0', '35', '4');
INSERT INTO `place` VALUES ('3726', '040308', '0', '34', '4');
INSERT INTO `place` VALUES ('3727', '040307', '0', '42', '4');
INSERT INTO `place` VALUES ('3728', '040307', '0', '40', '4');
INSERT INTO `place` VALUES ('3729', '040307', '0', '41', '4');
INSERT INTO `place` VALUES ('3730', '040308', '0', '40', '4');
INSERT INTO `place` VALUES ('3731', '040309', '0', '34', '4');
INSERT INTO `place` VALUES ('3732', '040308', '0', '42', '4');
INSERT INTO `place` VALUES ('3733', '040308', '0', '41', '4');
INSERT INTO `place` VALUES ('3734', '040309', '0', '36', '4');
INSERT INTO `place` VALUES ('3735', '040309', '0', '37', '4');
INSERT INTO `place` VALUES ('3736', '040309', '0', '35', '4');
INSERT INTO `place` VALUES ('3737', '040309', '0', '39', '4');
INSERT INTO `place` VALUES ('3738', '040309', '0', '40', '4');
INSERT INTO `place` VALUES ('3739', '040309', '0', '38', '4');
INSERT INTO `place` VALUES ('3740', '040309', '0', '41', '4');
INSERT INTO `place` VALUES ('3741', '040310', '0', '34', '4');
INSERT INTO `place` VALUES ('3742', '040310', '0', '38', '4');
INSERT INTO `place` VALUES ('3743', '040310', '0', '40', '4');
INSERT INTO `place` VALUES ('3744', '040310', '0', '39', '4');
INSERT INTO `place` VALUES ('3745', '040310', '0', '36', '4');
INSERT INTO `place` VALUES ('3746', '040310', '0', '37', '4');
INSERT INTO `place` VALUES ('3747', '040310', '0', '35', '4');
INSERT INTO `place` VALUES ('3748', '040310', '0', '41', '4');
INSERT INTO `place` VALUES ('3749', '040309', '0', '42', '4');
INSERT INTO `place` VALUES ('3750', '040310', '0', '42', '4');
INSERT INTO `place` VALUES ('3751', '040311', '0', '35', '4');
INSERT INTO `place` VALUES ('3752', '040311', '0', '42', '4');
INSERT INTO `place` VALUES ('3753', '040311', '0', '34', '4');
INSERT INTO `place` VALUES ('3754', '040311', '0', '37', '4');
INSERT INTO `place` VALUES ('3755', '040311', '0', '36', '4');
INSERT INTO `place` VALUES ('3756', '040311', '0', '39', '4');
INSERT INTO `place` VALUES ('3757', '040311', '0', '40', '4');
INSERT INTO `place` VALUES ('3758', '040311', '0', '41', '4');
INSERT INTO `place` VALUES ('3759', '040311', '0', '38', '4');
INSERT INTO `place` VALUES ('3760', '040312', '0', '34', '4');
INSERT INTO `place` VALUES ('3761', '040312', '0', '35', '4');
INSERT INTO `place` VALUES ('3762', '040313', '0', '34', '4');
INSERT INTO `place` VALUES ('3763', '040312', '0', '36', '4');
INSERT INTO `place` VALUES ('3764', '040312', '0', '38', '4');
INSERT INTO `place` VALUES ('3765', '040312', '0', '37', '4');
INSERT INTO `place` VALUES ('3766', '040312', '0', '39', '4');
INSERT INTO `place` VALUES ('3767', '040312', '0', '40', '4');
INSERT INTO `place` VALUES ('3768', '040312', '0', '42', '4');
INSERT INTO `place` VALUES ('3769', '040312', '0', '41', '4');
INSERT INTO `place` VALUES ('3770', '040313', '0', '35', '4');
INSERT INTO `place` VALUES ('3771', '040313', '0', '37', '4');
INSERT INTO `place` VALUES ('3772', '040314', '0', '34', '4');
INSERT INTO `place` VALUES ('3773', '040314', '0', '35', '4');
INSERT INTO `place` VALUES ('3774', '040313', '0', '39', '4');
INSERT INTO `place` VALUES ('3775', '040313', '0', '41', '4');
INSERT INTO `place` VALUES ('3776', '040313', '0', '38', '4');
INSERT INTO `place` VALUES ('3777', '040313', '0', '40', '4');
INSERT INTO `place` VALUES ('3778', '040313', '0', '42', '4');
INSERT INTO `place` VALUES ('3779', '040313', '0', '36', '4');
INSERT INTO `place` VALUES ('3780', '040314', '0', '36', '4');
INSERT INTO `place` VALUES ('3781', '040315', '0', '35', '4');
INSERT INTO `place` VALUES ('3782', '040315', '0', '34', '4');
INSERT INTO `place` VALUES ('3783', '040315', '0', '36', '4');
INSERT INTO `place` VALUES ('3784', '040314', '0', '42', '4');
INSERT INTO `place` VALUES ('3785', '040314', '0', '41', '4');
INSERT INTO `place` VALUES ('3786', '040314', '0', '40', '4');
INSERT INTO `place` VALUES ('3787', '040314', '0', '39', '4');
INSERT INTO `place` VALUES ('3788', '040314', '0', '38', '4');
INSERT INTO `place` VALUES ('3789', '040314', '0', '37', '4');
INSERT INTO `place` VALUES ('3790', '040315', '0', '37', '4');
INSERT INTO `place` VALUES ('3791', '040316', '0', '37', '4');
INSERT INTO `place` VALUES ('3792', '040315', '0', '38', '4');
INSERT INTO `place` VALUES ('3793', '040315', '0', '39', '4');
INSERT INTO `place` VALUES ('3794', '040315', '0', '41', '4');
INSERT INTO `place` VALUES ('3795', '040316', '0', '34', '4');
INSERT INTO `place` VALUES ('3796', '040316', '0', '35', '4');
INSERT INTO `place` VALUES ('3797', '040315', '0', '40', '4');
INSERT INTO `place` VALUES ('3798', '040315', '0', '42', '4');
INSERT INTO `place` VALUES ('3799', '040316', '0', '36', '4');
INSERT INTO `place` VALUES ('3800', '040316', '0', '38', '4');
INSERT INTO `place` VALUES ('3801', '040316', '0', '39', '4');
INSERT INTO `place` VALUES ('3802', '040317', '0', '38', '4');
INSERT INTO `place` VALUES ('3803', '040317', '0', '37', '4');
INSERT INTO `place` VALUES ('3804', '040317', '0', '35', '4');
INSERT INTO `place` VALUES ('3805', '040316', '0', '42', '4');
INSERT INTO `place` VALUES ('3806', '040317', '0', '36', '4');
INSERT INTO `place` VALUES ('3807', '040316', '0', '41', '4');
INSERT INTO `place` VALUES ('3808', '040316', '0', '40', '4');
INSERT INTO `place` VALUES ('3809', '040317', '0', '34', '4');
INSERT INTO `place` VALUES ('3810', '040317', '0', '39', '4');
INSERT INTO `place` VALUES ('3811', '040318', '0', '34', '4');
INSERT INTO `place` VALUES ('3812', '040318', '0', '39', '4');
INSERT INTO `place` VALUES ('3813', '040318', '0', '35', '4');
INSERT INTO `place` VALUES ('3814', '040318', '0', '37', '4');
INSERT INTO `place` VALUES ('3815', '040318', '0', '36', '4');
INSERT INTO `place` VALUES ('3816', '040318', '0', '38', '4');
INSERT INTO `place` VALUES ('3817', '040317', '0', '42', '4');
INSERT INTO `place` VALUES ('3818', '040317', '0', '41', '4');
INSERT INTO `place` VALUES ('3819', '040317', '0', '40', '4');
INSERT INTO `place` VALUES ('3820', '040318', '0', '40', '4');
INSERT INTO `place` VALUES ('3821', '040319', '0', '37', '4');
INSERT INTO `place` VALUES ('3822', '040319', '0', '38', '4');
INSERT INTO `place` VALUES ('3823', '040319', '0', '40', '4');
INSERT INTO `place` VALUES ('3824', '040319', '0', '34', '4');
INSERT INTO `place` VALUES ('3825', '040319', '0', '39', '4');
INSERT INTO `place` VALUES ('3826', '040319', '0', '35', '4');
INSERT INTO `place` VALUES ('3827', '040319', '0', '36', '4');
INSERT INTO `place` VALUES ('3828', '040318', '0', '42', '4');
INSERT INTO `place` VALUES ('3829', '040318', '0', '41', '4');
INSERT INTO `place` VALUES ('3830', '040319', '0', '41', '4');
INSERT INTO `place` VALUES ('3831', '040320', '0', '41', '4');
INSERT INTO `place` VALUES ('3832', '040320', '0', '34', '4');
INSERT INTO `place` VALUES ('3833', '040320', '0', '35', '4');
INSERT INTO `place` VALUES ('3834', '040320', '0', '36', '4');
INSERT INTO `place` VALUES ('3835', '040320', '0', '37', '4');
INSERT INTO `place` VALUES ('3836', '040320', '0', '38', '4');
INSERT INTO `place` VALUES ('3837', '040320', '0', '40', '4');
INSERT INTO `place` VALUES ('3838', '040320', '0', '39', '4');
INSERT INTO `place` VALUES ('3839', '040319', '0', '42', '4');
INSERT INTO `place` VALUES ('3840', '040320', '0', '42', '4');
INSERT INTO `place` VALUES ('3841', '040401', '0', '42', '4');
INSERT INTO `place` VALUES ('3842', '040401', '0', '36', '4');
INSERT INTO `place` VALUES ('3843', '040401', '0', '34', '4');
INSERT INTO `place` VALUES ('3844', '040401', '0', '37', '4');
INSERT INTO `place` VALUES ('3845', '040401', '0', '35', '4');
INSERT INTO `place` VALUES ('3846', '040401', '0', '38', '4');
INSERT INTO `place` VALUES ('3847', '040401', '0', '39', '4');
INSERT INTO `place` VALUES ('3848', '040401', '0', '40', '4');
INSERT INTO `place` VALUES ('3849', '040401', '0', '41', '4');
INSERT INTO `place` VALUES ('3850', '040402', '0', '34', '4');
INSERT INTO `place` VALUES ('3851', '040402', '0', '37', '4');
INSERT INTO `place` VALUES ('3852', '040402', '0', '36', '4');
INSERT INTO `place` VALUES ('3853', '040403', '0', '34', '4');
INSERT INTO `place` VALUES ('3854', '040402', '0', '41', '4');
INSERT INTO `place` VALUES ('3855', '040402', '0', '42', '4');
INSERT INTO `place` VALUES ('3856', '040402', '0', '40', '4');
INSERT INTO `place` VALUES ('3857', '040402', '0', '38', '4');
INSERT INTO `place` VALUES ('3858', '040402', '0', '35', '4');
INSERT INTO `place` VALUES ('3859', '040402', '0', '39', '4');
INSERT INTO `place` VALUES ('3860', '040403', '0', '35', '4');
INSERT INTO `place` VALUES ('3861', '040403', '0', '38', '4');
INSERT INTO `place` VALUES ('3862', '040404', '0', '34', '4');
INSERT INTO `place` VALUES ('3863', '040403', '0', '36', '4');
INSERT INTO `place` VALUES ('3864', '040403', '0', '37', '4');
INSERT INTO `place` VALUES ('3865', '040403', '0', '39', '4');
INSERT INTO `place` VALUES ('3866', '040403', '0', '42', '4');
INSERT INTO `place` VALUES ('3867', '040403', '0', '40', '4');
INSERT INTO `place` VALUES ('3868', '040403', '0', '41', '4');
INSERT INTO `place` VALUES ('3869', '040404', '0', '35', '4');
INSERT INTO `place` VALUES ('3870', '040404', '0', '36', '4');
INSERT INTO `place` VALUES ('3871', '040405', '0', '36', '4');
INSERT INTO `place` VALUES ('3872', '040404', '0', '39', '4');
INSERT INTO `place` VALUES ('3873', '040404', '0', '38', '4');
INSERT INTO `place` VALUES ('3874', '040404', '0', '41', '4');
INSERT INTO `place` VALUES ('3875', '040405', '0', '34', '4');
INSERT INTO `place` VALUES ('3876', '040404', '0', '42', '4');
INSERT INTO `place` VALUES ('3877', '040404', '0', '40', '4');
INSERT INTO `place` VALUES ('3878', '040405', '0', '35', '4');
INSERT INTO `place` VALUES ('3879', '040404', '0', '37', '4');
INSERT INTO `place` VALUES ('3880', '040405', '0', '37', '4');
INSERT INTO `place` VALUES ('3881', '040405', '0', '39', '4');
INSERT INTO `place` VALUES ('3882', '040405', '0', '41', '4');
INSERT INTO `place` VALUES ('3883', '040406', '0', '37', '4');
INSERT INTO `place` VALUES ('3884', '040406', '0', '35', '4');
INSERT INTO `place` VALUES ('3885', '040406', '0', '34', '4');
INSERT INTO `place` VALUES ('3886', '040405', '0', '38', '4');
INSERT INTO `place` VALUES ('3887', '040406', '0', '36', '4');
INSERT INTO `place` VALUES ('3888', '040405', '0', '42', '4');
INSERT INTO `place` VALUES ('3889', '040405', '0', '40', '4');
INSERT INTO `place` VALUES ('3890', '040406', '0', '38', '4');
INSERT INTO `place` VALUES ('3891', '040407', '0', '35', '4');
INSERT INTO `place` VALUES ('3892', '040406', '0', '40', '4');
INSERT INTO `place` VALUES ('3893', '040407', '0', '36', '4');
INSERT INTO `place` VALUES ('3894', '040407', '0', '34', '4');
INSERT INTO `place` VALUES ('3895', '040406', '0', '42', '4');
INSERT INTO `place` VALUES ('3896', '040406', '0', '41', '4');
INSERT INTO `place` VALUES ('3897', '040407', '0', '38', '4');
INSERT INTO `place` VALUES ('3898', '040406', '0', '39', '4');
INSERT INTO `place` VALUES ('3899', '040407', '0', '37', '4');
INSERT INTO `place` VALUES ('3900', '040407', '0', '39', '4');
INSERT INTO `place` VALUES ('3901', '040407', '0', '40', '4');
INSERT INTO `place` VALUES ('3902', '040407', '0', '41', '4');
INSERT INTO `place` VALUES ('3903', '040408', '0', '37', '4');
INSERT INTO `place` VALUES ('3904', '040408', '0', '39', '4');
INSERT INTO `place` VALUES ('3905', '040408', '0', '34', '4');
INSERT INTO `place` VALUES ('3906', '040408', '0', '35', '4');
INSERT INTO `place` VALUES ('3907', '040408', '0', '36', '4');
INSERT INTO `place` VALUES ('3908', '040407', '0', '42', '4');
INSERT INTO `place` VALUES ('3909', '040408', '0', '38', '4');
INSERT INTO `place` VALUES ('3910', '040408', '0', '40', '4');
INSERT INTO `place` VALUES ('3911', '040408', '0', '41', '4');
INSERT INTO `place` VALUES ('3912', '040409', '0', '40', '4');
INSERT INTO `place` VALUES ('3913', '040409', '0', '35', '4');
INSERT INTO `place` VALUES ('3914', '040409', '0', '38', '4');
INSERT INTO `place` VALUES ('3915', '040409', '0', '37', '4');
INSERT INTO `place` VALUES ('3916', '040409', '0', '36', '4');
INSERT INTO `place` VALUES ('3917', '040408', '0', '42', '4');
INSERT INTO `place` VALUES ('3918', '040409', '0', '34', '4');
INSERT INTO `place` VALUES ('3919', '040409', '0', '39', '4');
INSERT INTO `place` VALUES ('3920', '040409', '0', '41', '4');
INSERT INTO `place` VALUES ('3921', '040410', '0', '41', '4');
INSERT INTO `place` VALUES ('3922', '040410', '0', '40', '4');
INSERT INTO `place` VALUES ('3923', '040409', '0', '42', '4');
INSERT INTO `place` VALUES ('3924', '040410', '0', '35', '4');
INSERT INTO `place` VALUES ('3925', '040410', '0', '36', '4');
INSERT INTO `place` VALUES ('3926', '040410', '0', '37', '4');
INSERT INTO `place` VALUES ('3927', '040410', '0', '39', '4');
INSERT INTO `place` VALUES ('3928', '040410', '0', '38', '4');
INSERT INTO `place` VALUES ('3929', '040410', '0', '34', '4');
INSERT INTO `place` VALUES ('3930', '040410', '0', '42', '4');
INSERT INTO `place` VALUES ('3931', '040411', '0', '42', '4');
INSERT INTO `place` VALUES ('3932', '040411', '0', '37', '4');
INSERT INTO `place` VALUES ('3933', '040411', '0', '41', '4');
INSERT INTO `place` VALUES ('3934', '040411', '0', '34', '4');
INSERT INTO `place` VALUES ('3935', '040411', '0', '35', '4');
INSERT INTO `place` VALUES ('3936', '040411', '0', '40', '4');
INSERT INTO `place` VALUES ('3937', '040411', '0', '36', '4');
INSERT INTO `place` VALUES ('3938', '040411', '0', '39', '4');
INSERT INTO `place` VALUES ('3939', '040411', '0', '38', '4');
INSERT INTO `place` VALUES ('3940', '040412', '0', '34', '4');
INSERT INTO `place` VALUES ('3941', '040413', '0', '34', '4');
INSERT INTO `place` VALUES ('3942', '040412', '0', '40', '4');
INSERT INTO `place` VALUES ('3943', '040412', '0', '41', '4');
INSERT INTO `place` VALUES ('3944', '040412', '0', '36', '4');
INSERT INTO `place` VALUES ('3945', '040412', '0', '38', '4');
INSERT INTO `place` VALUES ('3946', '040412', '0', '37', '4');
INSERT INTO `place` VALUES ('3947', '040412', '0', '35', '4');
INSERT INTO `place` VALUES ('3948', '040412', '0', '39', '4');
INSERT INTO `place` VALUES ('3949', '040412', '0', '42', '4');
INSERT INTO `place` VALUES ('3950', '040413', '0', '35', '4');
INSERT INTO `place` VALUES ('3951', '040414', '0', '35', '4');
INSERT INTO `place` VALUES ('3952', '040413', '0', '42', '4');
INSERT INTO `place` VALUES ('3953', '040413', '0', '38', '4');
INSERT INTO `place` VALUES ('3954', '040413', '0', '37', '4');
INSERT INTO `place` VALUES ('3955', '040413', '0', '40', '4');
INSERT INTO `place` VALUES ('3956', '040413', '0', '41', '4');
INSERT INTO `place` VALUES ('3957', '040413', '0', '39', '4');
INSERT INTO `place` VALUES ('3958', '040414', '0', '34', '4');
INSERT INTO `place` VALUES ('3959', '040413', '0', '36', '4');
INSERT INTO `place` VALUES ('3960', '040414', '0', '36', '4');
INSERT INTO `place` VALUES ('3961', '040414', '0', '42', '4');
INSERT INTO `place` VALUES ('3962', '040414', '0', '39', '4');
INSERT INTO `place` VALUES ('3963', '040415', '0', '34', '4');
INSERT INTO `place` VALUES ('3964', '040415', '0', '35', '4');
INSERT INTO `place` VALUES ('3965', '040414', '0', '40', '4');
INSERT INTO `place` VALUES ('3966', '040414', '0', '38', '4');
INSERT INTO `place` VALUES ('3967', '040414', '0', '41', '4');
INSERT INTO `place` VALUES ('3968', '040414', '0', '37', '4');
INSERT INTO `place` VALUES ('3969', '040415', '0', '36', '4');
INSERT INTO `place` VALUES ('3970', '040415', '0', '37', '4');
INSERT INTO `place` VALUES ('3971', '040416', '0', '36', '4');
INSERT INTO `place` VALUES ('3972', '040415', '0', '38', '4');
INSERT INTO `place` VALUES ('3973', '040415', '0', '39', '4');
INSERT INTO `place` VALUES ('3974', '040415', '0', '41', '4');
INSERT INTO `place` VALUES ('3975', '040415', '0', '40', '4');
INSERT INTO `place` VALUES ('3976', '040415', '0', '42', '4');
INSERT INTO `place` VALUES ('3977', '040416', '0', '34', '4');
INSERT INTO `place` VALUES ('3978', '040416', '0', '35', '4');
INSERT INTO `place` VALUES ('3979', '040416', '0', '37', '4');
INSERT INTO `place` VALUES ('3980', '040416', '0', '38', '4');
INSERT INTO `place` VALUES ('3981', '040416', '0', '41', '4');
INSERT INTO `place` VALUES ('3982', '040416', '0', '39', '4');
INSERT INTO `place` VALUES ('3983', '040416', '0', '42', '4');
INSERT INTO `place` VALUES ('3984', '040417', '0', '35', '4');
INSERT INTO `place` VALUES ('3985', '040417', '0', '38', '4');
INSERT INTO `place` VALUES ('3986', '040417', '0', '36', '4');
INSERT INTO `place` VALUES ('3987', '040417', '0', '37', '4');
INSERT INTO `place` VALUES ('3988', '040417', '0', '34', '4');
INSERT INTO `place` VALUES ('3989', '040416', '0', '40', '4');
INSERT INTO `place` VALUES ('3990', '040417', '0', '39', '4');
INSERT INTO `place` VALUES ('3991', '040418', '0', '36', '4');
INSERT INTO `place` VALUES ('3992', '040418', '0', '34', '4');
INSERT INTO `place` VALUES ('3993', '040418', '0', '39', '4');
INSERT INTO `place` VALUES ('3994', '040417', '0', '40', '4');
INSERT INTO `place` VALUES ('3995', '040418', '0', '38', '4');
INSERT INTO `place` VALUES ('3996', '040418', '0', '35', '4');
INSERT INTO `place` VALUES ('3997', '040417', '0', '41', '4');
INSERT INTO `place` VALUES ('3998', '040417', '0', '42', '4');
INSERT INTO `place` VALUES ('3999', '040418', '0', '37', '4');
INSERT INTO `place` VALUES ('4000', '040418', '0', '40', '4');
INSERT INTO `place` VALUES ('4001', '040419', '0', '34', '4');
INSERT INTO `place` VALUES ('4002', '040418', '0', '42', '4');
INSERT INTO `place` VALUES ('4003', '040419', '0', '37', '4');
INSERT INTO `place` VALUES ('4004', '040419', '0', '35', '4');
INSERT INTO `place` VALUES ('4005', '040419', '0', '39', '4');
INSERT INTO `place` VALUES ('4006', '040419', '0', '38', '4');
INSERT INTO `place` VALUES ('4007', '040419', '0', '40', '4');
INSERT INTO `place` VALUES ('4008', '040418', '0', '41', '4');
INSERT INTO `place` VALUES ('4009', '040419', '0', '36', '4');
INSERT INTO `place` VALUES ('4010', '040419', '0', '41', '4');
INSERT INTO `place` VALUES ('4011', '040419', '0', '42', '4');
INSERT INTO `place` VALUES ('4012', '040420', '0', '41', '4');
INSERT INTO `place` VALUES ('4013', '040420', '0', '34', '4');
INSERT INTO `place` VALUES ('4014', '040420', '0', '35', '4');
INSERT INTO `place` VALUES ('4015', '040420', '0', '40', '4');
INSERT INTO `place` VALUES ('4016', '040420', '0', '38', '4');
INSERT INTO `place` VALUES ('4017', '040420', '0', '39', '4');
INSERT INTO `place` VALUES ('4018', '040420', '0', '37', '4');
INSERT INTO `place` VALUES ('4019', '040420', '0', '36', '4');
INSERT INTO `place` VALUES ('4020', '040420', '0', '42', '4');
INSERT INTO `place` VALUES ('4021', '040501', '0', '34', '4');
INSERT INTO `place` VALUES ('4022', '040501', '0', '35', '4');
INSERT INTO `place` VALUES ('4023', '040501', '0', '41', '4');
INSERT INTO `place` VALUES ('4024', '040501', '0', '40', '4');
INSERT INTO `place` VALUES ('4025', '040501', '0', '42', '4');
INSERT INTO `place` VALUES ('4026', '040501', '0', '38', '4');
INSERT INTO `place` VALUES ('4027', '040501', '0', '39', '4');
INSERT INTO `place` VALUES ('4028', '040501', '0', '37', '4');
INSERT INTO `place` VALUES ('4029', '040501', '0', '36', '4');
INSERT INTO `place` VALUES ('4030', '040502', '0', '34', '4');
INSERT INTO `place` VALUES ('4031', '040503', '0', '34', '4');
INSERT INTO `place` VALUES ('4032', '040502', '0', '35', '4');
INSERT INTO `place` VALUES ('4033', '040502', '0', '42', '4');
INSERT INTO `place` VALUES ('4034', '040502', '0', '41', '4');
INSERT INTO `place` VALUES ('4035', '040502', '0', '40', '4');
INSERT INTO `place` VALUES ('4036', '040502', '0', '39', '4');
INSERT INTO `place` VALUES ('4037', '040502', '0', '37', '4');
INSERT INTO `place` VALUES ('4038', '040502', '0', '38', '4');
INSERT INTO `place` VALUES ('4039', '040502', '0', '36', '4');
INSERT INTO `place` VALUES ('4040', '040503', '0', '35', '4');
INSERT INTO `place` VALUES ('4041', '040504', '0', '35', '4');
INSERT INTO `place` VALUES ('4042', '040504', '0', '34', '4');
INSERT INTO `place` VALUES ('4043', '040503', '0', '42', '4');
INSERT INTO `place` VALUES ('4044', '040503', '0', '41', '4');
INSERT INTO `place` VALUES ('4045', '040503', '0', '39', '4');
INSERT INTO `place` VALUES ('4046', '040503', '0', '40', '4');
INSERT INTO `place` VALUES ('4047', '040503', '0', '38', '4');
INSERT INTO `place` VALUES ('4048', '040503', '0', '36', '4');
INSERT INTO `place` VALUES ('4049', '040503', '0', '37', '4');
INSERT INTO `place` VALUES ('4050', '040504', '0', '36', '4');
INSERT INTO `place` VALUES ('4051', '040504', '0', '40', '4');
INSERT INTO `place` VALUES ('4052', '040505', '0', '35', '4');
INSERT INTO `place` VALUES ('4053', '040505', '0', '34', '4');
INSERT INTO `place` VALUES ('4054', '040504', '0', '42', '4');
INSERT INTO `place` VALUES ('4055', '040504', '0', '39', '4');
INSERT INTO `place` VALUES ('4056', '040504', '0', '41', '4');
INSERT INTO `place` VALUES ('4057', '040505', '0', '36', '4');
INSERT INTO `place` VALUES ('4058', '040504', '0', '37', '4');
INSERT INTO `place` VALUES ('4059', '040504', '0', '38', '4');
INSERT INTO `place` VALUES ('4060', '040505', '0', '37', '4');
INSERT INTO `place` VALUES ('4061', '040505', '0', '39', '4');
INSERT INTO `place` VALUES ('4062', '040505', '0', '42', '4');
INSERT INTO `place` VALUES ('4063', '040505', '0', '40', '4');
INSERT INTO `place` VALUES ('4064', '040506', '0', '36', '4');
INSERT INTO `place` VALUES ('4065', '040506', '0', '34', '4');
INSERT INTO `place` VALUES ('4066', '040505', '0', '41', '4');
INSERT INTO `place` VALUES ('4067', '040506', '0', '37', '4');
INSERT INTO `place` VALUES ('4068', '040505', '0', '38', '4');
INSERT INTO `place` VALUES ('4069', '040506', '0', '35', '4');
INSERT INTO `place` VALUES ('4070', '040506', '0', '38', '4');
INSERT INTO `place` VALUES ('4071', '040507', '0', '37', '4');
INSERT INTO `place` VALUES ('4072', '040506', '0', '40', '4');
INSERT INTO `place` VALUES ('4073', '040506', '0', '39', '4');
INSERT INTO `place` VALUES ('4074', '040507', '0', '34', '4');
INSERT INTO `place` VALUES ('4075', '040506', '0', '41', '4');
INSERT INTO `place` VALUES ('4076', '040507', '0', '35', '4');
INSERT INTO `place` VALUES ('4077', '040507', '0', '36', '4');
INSERT INTO `place` VALUES ('4078', '040507', '0', '38', '4');
INSERT INTO `place` VALUES ('4079', '040506', '0', '42', '4');
INSERT INTO `place` VALUES ('4080', '040507', '0', '39', '4');
INSERT INTO `place` VALUES ('4081', '040508', '0', '35', '4');
INSERT INTO `place` VALUES ('4082', '040508', '0', '37', '4');
INSERT INTO `place` VALUES ('4083', '040507', '0', '41', '4');
INSERT INTO `place` VALUES ('4084', '040507', '0', '40', '4');
INSERT INTO `place` VALUES ('4085', '040508', '0', '39', '4');
INSERT INTO `place` VALUES ('4086', '040508', '0', '34', '4');
INSERT INTO `place` VALUES ('4087', '040507', '0', '42', '4');
INSERT INTO `place` VALUES ('4088', '040508', '0', '36', '4');
INSERT INTO `place` VALUES ('4089', '040508', '0', '38', '4');
INSERT INTO `place` VALUES ('4090', '040508', '0', '40', '4');
INSERT INTO `place` VALUES ('4091', '040509', '0', '40', '4');
INSERT INTO `place` VALUES ('4092', '040509', '0', '38', '4');
INSERT INTO `place` VALUES ('4093', '040509', '0', '39', '4');
INSERT INTO `place` VALUES ('4094', '040509', '0', '36', '4');
INSERT INTO `place` VALUES ('4095', '040509', '0', '37', '4');
INSERT INTO `place` VALUES ('4096', '040509', '0', '35', '4');
INSERT INTO `place` VALUES ('4097', '040508', '0', '42', '4');
INSERT INTO `place` VALUES ('4098', '040509', '0', '34', '4');
INSERT INTO `place` VALUES ('4099', '040508', '0', '41', '4');
INSERT INTO `place` VALUES ('4100', '040509', '0', '41', '4');
INSERT INTO `place` VALUES ('4101', '040510', '0', '40', '4');
INSERT INTO `place` VALUES ('4102', '040510', '0', '34', '4');
INSERT INTO `place` VALUES ('4103', '040509', '0', '42', '4');
INSERT INTO `place` VALUES ('4104', '040510', '0', '35', '4');
INSERT INTO `place` VALUES ('4105', '040510', '0', '36', '4');
INSERT INTO `place` VALUES ('4106', '040510', '0', '38', '4');
INSERT INTO `place` VALUES ('4107', '040510', '0', '37', '4');
INSERT INTO `place` VALUES ('4108', '040510', '0', '39', '4');
INSERT INTO `place` VALUES ('4109', '040510', '0', '41', '4');
INSERT INTO `place` VALUES ('4110', '040510', '0', '42', '4');
INSERT INTO `place` VALUES ('4111', '040511', '0', '35', '4');
INSERT INTO `place` VALUES ('4112', '040511', '0', '41', '4');
INSERT INTO `place` VALUES ('4113', '040511', '0', '34', '4');
INSERT INTO `place` VALUES ('4114', '040511', '0', '42', '4');
INSERT INTO `place` VALUES ('4115', '040511', '0', '36', '4');
INSERT INTO `place` VALUES ('4116', '040511', '0', '39', '4');
INSERT INTO `place` VALUES ('4117', '040511', '0', '37', '4');
INSERT INTO `place` VALUES ('4118', '040511', '0', '38', '4');
INSERT INTO `place` VALUES ('4119', '040511', '0', '40', '4');
INSERT INTO `place` VALUES ('4120', '040512', '0', '34', '4');
INSERT INTO `place` VALUES ('4121', '040512', '0', '37', '4');
INSERT INTO `place` VALUES ('4122', '040513', '0', '34', '4');
INSERT INTO `place` VALUES ('4123', '040512', '0', '42', '4');
INSERT INTO `place` VALUES ('4124', '040512', '0', '39', '4');
INSERT INTO `place` VALUES ('4125', '040512', '0', '38', '4');
INSERT INTO `place` VALUES ('4126', '040512', '0', '40', '4');
INSERT INTO `place` VALUES ('4127', '040512', '0', '36', '4');
INSERT INTO `place` VALUES ('4128', '040512', '0', '35', '4');
INSERT INTO `place` VALUES ('4129', '040512', '0', '41', '4');
INSERT INTO `place` VALUES ('4130', '040513', '0', '35', '4');
INSERT INTO `place` VALUES ('4131', '040513', '0', '36', '4');
INSERT INTO `place` VALUES ('4132', '040513', '0', '37', '4');
INSERT INTO `place` VALUES ('4133', '040514', '0', '34', '4');
INSERT INTO `place` VALUES ('4134', '040513', '0', '40', '4');
INSERT INTO `place` VALUES ('4135', '040513', '0', '39', '4');
INSERT INTO `place` VALUES ('4136', '040513', '0', '41', '4');
INSERT INTO `place` VALUES ('4137', '040514', '0', '35', '4');
INSERT INTO `place` VALUES ('4138', '040513', '0', '38', '4');
INSERT INTO `place` VALUES ('4139', '040513', '0', '42', '4');
INSERT INTO `place` VALUES ('4140', '040514', '0', '36', '4');
INSERT INTO `place` VALUES ('4141', '040515', '0', '36', '4');
INSERT INTO `place` VALUES ('4142', '040514', '0', '37', '4');
INSERT INTO `place` VALUES ('4143', '040514', '0', '38', '4');
INSERT INTO `place` VALUES ('4144', '040514', '0', '40', '4');
INSERT INTO `place` VALUES ('4145', '040514', '0', '39', '4');
INSERT INTO `place` VALUES ('4146', '040514', '0', '42', '4');
INSERT INTO `place` VALUES ('4147', '040514', '0', '41', '4');
INSERT INTO `place` VALUES ('4148', '040515', '0', '35', '4');
INSERT INTO `place` VALUES ('4149', '040515', '0', '34', '4');
INSERT INTO `place` VALUES ('4150', '040515', '0', '37', '4');
INSERT INTO `place` VALUES ('4151', '040516', '0', '37', '4');
INSERT INTO `place` VALUES ('4152', '040516', '0', '36', '4');
INSERT INTO `place` VALUES ('4153', '040516', '0', '35', '4');
INSERT INTO `place` VALUES ('4154', '040516', '0', '34', '4');
INSERT INTO `place` VALUES ('4155', '040515', '0', '42', '4');
INSERT INTO `place` VALUES ('4156', '040515', '0', '40', '4');
INSERT INTO `place` VALUES ('4157', '040515', '0', '41', '4');
INSERT INTO `place` VALUES ('4158', '040515', '0', '38', '4');
INSERT INTO `place` VALUES ('4159', '040515', '0', '39', '4');
INSERT INTO `place` VALUES ('4160', '040516', '0', '38', '4');
INSERT INTO `place` VALUES ('4161', '040517', '0', '38', '4');
INSERT INTO `place` VALUES ('4162', '040517', '0', '36', '4');
INSERT INTO `place` VALUES ('4163', '040517', '0', '37', '4');
INSERT INTO `place` VALUES ('4164', '040516', '0', '39', '4');
INSERT INTO `place` VALUES ('4165', '040517', '0', '34', '4');
INSERT INTO `place` VALUES ('4166', '040516', '0', '40', '4');
INSERT INTO `place` VALUES ('4167', '040516', '0', '42', '4');
INSERT INTO `place` VALUES ('4168', '040517', '0', '35', '4');
INSERT INTO `place` VALUES ('4169', '040516', '0', '41', '4');
INSERT INTO `place` VALUES ('4170', '040517', '0', '39', '4');
INSERT INTO `place` VALUES ('4171', '040518', '0', '39', '4');
INSERT INTO `place` VALUES ('4172', '040518', '0', '36', '4');
INSERT INTO `place` VALUES ('4173', '040518', '0', '37', '4');
INSERT INTO `place` VALUES ('4174', '040518', '0', '35', '4');
INSERT INTO `place` VALUES ('4175', '040518', '0', '38', '4');
INSERT INTO `place` VALUES ('4176', '040517', '0', '42', '4');
INSERT INTO `place` VALUES ('4177', '040518', '0', '34', '4');
INSERT INTO `place` VALUES ('4178', '040517', '0', '41', '4');
INSERT INTO `place` VALUES ('4179', '040517', '0', '40', '4');
INSERT INTO `place` VALUES ('4180', '040518', '0', '40', '4');
INSERT INTO `place` VALUES ('4181', '040518', '0', '42', '4');
INSERT INTO `place` VALUES ('4182', '040519', '0', '39', '4');
INSERT INTO `place` VALUES ('4183', '040518', '0', '41', '4');
INSERT INTO `place` VALUES ('4184', '040519', '0', '35', '4');
INSERT INTO `place` VALUES ('4185', '040519', '0', '34', '4');
INSERT INTO `place` VALUES ('4186', '040519', '0', '36', '4');
INSERT INTO `place` VALUES ('4187', '040519', '0', '37', '4');
INSERT INTO `place` VALUES ('4188', '040519', '0', '40', '4');
INSERT INTO `place` VALUES ('4189', '040519', '0', '38', '4');
INSERT INTO `place` VALUES ('4190', '040519', '0', '41', '4');
INSERT INTO `place` VALUES ('4191', '040519', '0', '42', '4');
INSERT INTO `place` VALUES ('4192', '040520', '0', '34', '4');
INSERT INTO `place` VALUES ('4193', '040520', '0', '35', '4');
INSERT INTO `place` VALUES ('4194', '040520', '0', '40', '4');
INSERT INTO `place` VALUES ('4195', '040520', '0', '41', '4');
INSERT INTO `place` VALUES ('4196', '040520', '0', '38', '4');
INSERT INTO `place` VALUES ('4197', '040520', '0', '37', '4');
INSERT INTO `place` VALUES ('4198', '040520', '0', '36', '4');
INSERT INTO `place` VALUES ('4199', '040520', '0', '39', '4');
INSERT INTO `place` VALUES ('4200', '040520', '0', '42', '4');
INSERT INTO `place` VALUES ('4201', '120103', '0', '69', '12');
INSERT INTO `place` VALUES ('4202', '120101', '1', '68', '12');
INSERT INTO `place` VALUES ('4203', '120101', '0', '69', '12');
INSERT INTO `place` VALUES ('4204', '120101', '0', '70', '12');
INSERT INTO `place` VALUES ('4205', '120101', '0', '71', '12');
INSERT INTO `place` VALUES ('4206', '120102', '1', '68', '12');
INSERT INTO `place` VALUES ('4207', '120102', '0', '69', '12');
INSERT INTO `place` VALUES ('4208', '120102', '0', '70', '12');
INSERT INTO `place` VALUES ('4209', '120103', '1', '68', '12');
INSERT INTO `place` VALUES ('4210', '120102', '0', '71', '12');
INSERT INTO `place` VALUES ('4211', '120104', '1', '68', '12');
INSERT INTO `place` VALUES ('4212', '120104', '0', '69', '12');
INSERT INTO `place` VALUES ('4213', '120103', '0', '71', '12');
INSERT INTO `place` VALUES ('4214', '120104', '0', '71', '12');
INSERT INTO `place` VALUES ('4215', '120104', '0', '70', '12');
INSERT INTO `place` VALUES ('4216', '120105', '0', '70', '12');
INSERT INTO `place` VALUES ('4217', '120105', '0', '69', '12');
INSERT INTO `place` VALUES ('4218', '120105', '1', '68', '12');
INSERT INTO `place` VALUES ('4219', '120103', '0', '70', '12');
INSERT INTO `place` VALUES ('4220', '120105', '0', '71', '12');

-- ----------------------------
-- Table structure for `seat`
-- ----------------------------
DROP TABLE IF EXISTS `seat`;
CREATE TABLE `seat` (
  `sid` int(11) NOT NULL AUTO_INCREMENT,
  `tid` int(11) NOT NULL,
  `snumber` varchar(4) NOT NULL,
  PRIMARY KEY (`sid`,`snumber`),
  KEY `tid_sid` (`tid`)
) ENGINE=InnoDB DEFAULT CHARSET=utf8;

-- ----------------------------
-- Records of seat
-- ----------------------------

-- ----------------------------
-- Table structure for `train`
-- ----------------------------
DROP TABLE IF EXISTS `train`;
CREATE TABLE `train` (
  `tid` int(11) NOT NULL AUTO_INCREMENT,
  `tnumber` varchar(11) NOT NULL,
  `tstart` varchar(8) NOT NULL,
  `tend` varchar(8) NOT NULL,
  `tstime` datetime NOT NULL,
  `tcount` int(11) NOT NULL,
  `isopen` bit(1) NOT NULL DEFAULT b'0',
  `tetime` datetime NOT NULL,
  PRIMARY KEY (`tid`),
  UNIQUE KEY `tnumber` (`tnumber`),
  KEY `tid` (`tid`)
) ENGINE=InnoDB AUTO_INCREMENT=13 DEFAULT CHARSET=utf8;

-- ----------------------------
-- Records of train
-- ----------------------------
INSERT INTO `train` VALUES ('1', 'K1126', '上海南', '襄阳', '2017-06-29 14:59:00', '100', '', '2017-06-30 12:44:00');
INSERT INTO `train` VALUES ('2', 'K1127', '上海南', '襄阳', '2017-06-29 14:59:00', '100', '', '2017-06-30 12:44:00');
INSERT INTO `train` VALUES ('3', 'K1656', '深圳东', '襄阳', '2017-06-29 14:35:00', '100', '', '2017-06-30 12:50:00');
INSERT INTO `train` VALUES ('4', 'K1657', '深圳东', '襄阳', '2017-06-29 14:35:00', '100', '', '2017-06-30 12:50:00');
INSERT INTO `train` VALUES ('5', 'K8082', '武昌', '十堰', '2017-06-29 23:59:00', '100', '', '2017-06-30 07:12:00');
INSERT INTO `train` VALUES ('6', 'D2248', '重庆北', '杭州东', '2017-06-29 08:50:00', '100', '', '2017-06-29 20:45:00');
INSERT INTO `train` VALUES ('7', 'D2245', '重庆北', '杭州东', '2017-06-29 08:50:00', '100', '', '2017-06-29 20:45:00');
INSERT INTO `train` VALUES ('12', 'K8980', '武昌', '襄阳', '2017-06-29 07:30:00', '5', '', '2017-06-29 18:30:00');

-- ----------------------------
-- Table structure for `user`
-- ----------------------------
DROP TABLE IF EXISTS `user`;
CREATE TABLE `user` (
  `uid` int(11) NOT NULL AUTO_INCREMENT,
  `uname` varchar(12) NOT NULL,
  `uphone` varchar(11) NOT NULL,
  `upwd` varchar(16) NOT NULL,
  `IDcard` varchar(23) DEFAULT NULL,
  `IDstu` varchar(11) DEFAULT NULL,
  `isstu` int(11) DEFAULT '0',
  PRIMARY KEY (`uid`)
) ENGINE=InnoDB AUTO_INCREMENT=6 DEFAULT CHARSET=utf8;

-- ----------------------------
-- Records of user
-- ----------------------------
INSERT INTO `user` VALUES ('1', '刘志豪', '13554468370', '001520258', '420624199505062913', null, '0');
INSERT INTO `user` VALUES ('2', '丁重辉', '17762473395', '12345678', '422202199509176119', null, '0');
INSERT INTO `user` VALUES ('3', '陈乾', '13554468371', '12345678', '420624199505062914', null, '0');
INSERT INTO `user` VALUES ('5', '张三', '13554468379', '001520258', '420624199505062913', null, '0');
